{
  "retriever_type": "Prefix-Fusion",
  "chunking_type": "recursive",
  "evaluations": {
    "q1": {
      "faithfulness": 0.5862068965517241,
      "gt_accuracy": 0.14058355437665782,
      "chunks_used": 20
    },
    "q2": {
      "faithfulness": 0.49330357142857145,
      "gt_accuracy": 0.10491071428571429,
      "chunks_used": 20
    },
    "q3": {
      "faithfulness": 0.5143487858719646,
      "gt_accuracy": 0.16997792494481237,
      "chunks_used": 20
    },
    "q4": {
      "faithfulness": 0.48314606741573035,
      "gt_accuracy": 0.14887640449438203,
      "chunks_used": 20
    },
    "q5": {
      "faithfulness": 0.5709876543209876,
      "gt_accuracy": 0.20987654320987653,
      "chunks_used": 20
    },
    "q6": {
      "faithfulness": 0.47843137254901963,
      "gt_accuracy": 0.12549019607843137,
      "chunks_used": 20
    },
    "q7": {
      "faithfulness": 0.6243093922651933,
      "gt_accuracy": 0.1574585635359116,
      "chunks_used": 20
    },
    "q8": {
      "faithfulness": 0.5247933884297521,
      "gt_accuracy": 0.11363636363636363,
      "chunks_used": 20
    },
    "q9": {
      "faithfulness": 0.39148073022312374,
      "gt_accuracy": 0.11764705882352941,
      "chunks_used": 20
    },
    "q10": {
      "faithfulness": 0.5341880341880342,
      "gt_accuracy": 0.1111111111111111,
      "chunks_used": 20
    },
    "q11": {
      "faithfulness": 0.3181818181818182,
      "gt_accuracy": 0.10606060606060606,
      "chunks_used": 20
    },
    "q12": {
      "faithfulness": 0.42546063651591287,
      "gt_accuracy": 0.1423785594639866,
      "chunks_used": 20
    },
    "q13": {
      "faithfulness": 0.3662420382165605,
      "gt_accuracy": 0.11942675159235669,
      "chunks_used": 20
    },
    "q14": {
      "faithfulness": 0.23931623931623933,
      "gt_accuracy": 0.08547008547008547,
      "chunks_used": 20
    },
    "q15": {
      "faithfulness": 0.29767441860465116,
      "gt_accuracy": 0.08837209302325581,
      "chunks_used": 20
    },
    "q16": {
      "faithfulness": 0.27207207207207207,
      "gt_accuracy": 0.0990990990990991,
      "chunks_used": 20
    },
    "q17": {
      "faithfulness": 0.470873786407767,
      "gt_accuracy": 0.1820388349514563,
      "chunks_used": 20
    },
    "q18": {
      "faithfulness": 0.31317829457364343,
      "gt_accuracy": 0.08682170542635659,
      "chunks_used": 20
    },
    "q19": {
      "faithfulness": 0.20297951582867785,
      "gt_accuracy": 0.08193668528864059,
      "chunks_used": 20
    },
    "q20": {
      "faithfulness": 0.42173112338858193,
      "gt_accuracy": 0.10681399631675875,
      "chunks_used": 20
    },
    "q21": {
      "faithfulness": 0.23776223776223776,
      "gt_accuracy": 0.0951048951048951,
      "chunks_used": 20
    },
    "q22": {
      "faithfulness": 0.25499231950844853,
      "gt_accuracy": 0.08755760368663594,
      "chunks_used": 20
    },
    "q23": {
      "faithfulness": 0.32803180914512925,
      "gt_accuracy": 0.08946322067594434,
      "chunks_used": 20
    },
    "q24": {
      "faithfulness": 0.407202216066482,
      "gt_accuracy": 0.18282548476454294,
      "chunks_used": 20
    },
    "q25": {
      "faithfulness": 0.4759916492693111,
      "gt_accuracy": 0.16701461377870563,
      "chunks_used": 20
    },
    "q26": {
      "faithfulness": 0.5116279069767442,
      "gt_accuracy": null,
      "chunks_used": 20
    },
    "q27": {
      "faithfulness": 0.24254881808838644,
      "gt_accuracy": null,
      "chunks_used": 20
    },
    "q28": {
      "faithfulness": 0.5497737556561086,
      "gt_accuracy": null,
      "chunks_used": 20
    },
    "q29": {
      "faithfulness": 0.32857142857142857,
      "gt_accuracy": null,
      "chunks_used": 20
    },
    "q30": {
      "faithfulness": 0.38058252427184464,
      "gt_accuracy": null,
      "chunks_used": 20
    },
    "q31": {
      "faithfulness": 0.35549525101763907,
      "gt_accuracy": null,
      "chunks_used": 20
    },
    "q32": {
      "faithfulness": 0.455535390199637,
      "gt_accuracy": null,
      "chunks_used": 20
    },
    "q33": {
      "faithfulness": 0.5886792452830188,
      "gt_accuracy": null,
      "chunks_used": 20
    },
    "q34": {
      "faithfulness": 0.502262443438914,
      "gt_accuracy": null,
      "chunks_used": 20
    },
    "q35": {
      "faithfulness": 0.3682170542635659,
      "gt_accuracy": null,
      "chunks_used": 20
    },
    "q36": {
      "faithfulness": 0.43137254901960786,
      "gt_accuracy": null,
      "chunks_used": 20
    },
    "q37": {
      "faithfulness": 0.375366568914956,
      "gt_accuracy": null,
      "chunks_used": 20
    },
    "q38": {
      "faithfulness": 0.41284403669724773,
      "gt_accuracy": null,
      "chunks_used": 20
    },
    "q39": {
      "faithfulness": 0.3035439137134052,
      "gt_accuracy": null,
      "chunks_used": 20
    },
    "q40": {
      "faithfulness": 0.4749455337690632,
      "gt_accuracy": null,
      "chunks_used": 20
    }
  },
  "summary": {
    "avg_faithfulness": 0.4128563121995801,
    "avg_accuracy": 0.12479810676800465,
    "answer_count": 40
  }
}