{
  "retriever_type": "Content",
  "chunking_type": "semantic",
  "evaluations": {
    "q1": {
      "faithfulness": 0.6135693215339233,
      "gt_accuracy": 0.16224188790560473,
      "chunks_used": 20
    },
    "q2": {
      "faithfulness": 0.37055837563451777,
      "gt_accuracy": 0.07614213197969544,
      "chunks_used": 20
    },
    "q3": {
      "faithfulness": 0.5123152709359606,
      "gt_accuracy": 0.12807881773399016,
      "chunks_used": 20
    },
    "q4": {
      "faithfulness": 0.5170068027210885,
      "gt_accuracy": 0.12698412698412698,
      "chunks_used": 20
    },
    "q5": {
      "faithfulness": 0.5750577367205543,
      "gt_accuracy": 0.16628175519630484,
      "chunks_used": 20
    },
    "q6": {
      "faithfulness": 0.47338403041825095,
      "gt_accuracy": 0.12547528517110265,
      "chunks_used": 20
    },
    "q7": {
      "faithfulness": 0.6654411764705882,
      "gt_accuracy": 0.11213235294117647,
      "chunks_used": 20
    },
    "q8": {
      "faithfulness": 0.5356489945155393,
      "gt_accuracy": 0.10420475319926874,
      "chunks_used": 20
    },
    "q9": {
      "faithfulness": 0.4194831013916501,
      "gt_accuracy": 0.11530815109343936,
      "chunks_used": 20
    },
    "q10": {
      "faithfulness": 0.5923809523809523,
      "gt_accuracy": 0.09523809523809523,
      "chunks_used": 20
    },
    "q11": {
      "faithfulness": 0.4768,
      "gt_accuracy": 0.096,
      "chunks_used": 20
    },
    "q12": {
      "faithfulness": 0.49836601307189543,
      "gt_accuracy": 0.14705882352941177,
      "chunks_used": 20
    },
    "q13": {
      "faithfulness": 0.38404452690166974,
      "gt_accuracy": 0.11873840445269017,
      "chunks_used": 20
    },
    "q14": {
      "faithfulness": 0.24959481361426256,
      "gt_accuracy": 0.1085899513776337,
      "chunks_used": 20
    },
    "q15": {
      "faithfulness": 0.38263665594855306,
      "gt_accuracy": 0.10289389067524116,
      "chunks_used": 20
    },
    "q16": {
      "faithfulness": 0.3079416531604538,
      "gt_accuracy": 0.08914100486223663,
      "chunks_used": 20
    },
    "q17": {
      "faithfulness": 0.42857142857142855,
      "gt_accuracy": 0.13736263736263737,
      "chunks_used": 20
    },
    "q18": {
      "faithfulness": 0.35602094240837695,
      "gt_accuracy": 0.09773123909249563,
      "chunks_used": 20
    },
    "q19": {
      "faithfulness": 0.21923076923076923,
      "gt_accuracy": 0.08076923076923077,
      "chunks_used": 20
    },
    "q20": {
      "faithfulness": 0.5426195426195426,
      "gt_accuracy": 0.11226611226611227,
      "chunks_used": 20
    },
    "q21": {
      "faithfulness": 0.2664835164835165,
      "gt_accuracy": 0.08516483516483517,
      "chunks_used": 20
    },
    "q22": {
      "faithfulness": 0.3184979137691238,
      "gt_accuracy": 0.08344923504867872,
      "chunks_used": 20
    },
    "q23": {
      "faithfulness": 0.38778877887788776,
      "gt_accuracy": 0.0858085808580858,
      "chunks_used": 20
    },
    "q24": {
      "faithfulness": 0.4750499001996008,
      "gt_accuracy": 0.13373253493013973,
      "chunks_used": 20
    },
    "q25": {
      "faithfulness": 0.3333333333333333,
      "gt_accuracy": 0.10632183908045977,
      "chunks_used": 20
    },
    "q26": {
      "faithfulness": 0.5359848484848485,
      "gt_accuracy": null,
      "chunks_used": 20
    },
    "q27": {
      "faithfulness": 0.29426129426129427,
      "gt_accuracy": null,
      "chunks_used": 20
    },
    "q28": {
      "faithfulness": 0.4977168949771689,
      "gt_accuracy": null,
      "chunks_used": 20
    },
    "q29": {
      "faithfulness": 0.3993993993993994,
      "gt_accuracy": null,
      "chunks_used": 20
    },
    "q30": {
      "faithfulness": 0.5097345132743363,
      "gt_accuracy": null,
      "chunks_used": 20
    },
    "q31": {
      "faithfulness": 0.4368811881188119,
      "gt_accuracy": null,
      "chunks_used": 20
    },
    "q32": {
      "faithfulness": 0.41863905325443784,
      "gt_accuracy": null,
      "chunks_used": 20
    },
    "q33": {
      "faithfulness": 0.5574614065180102,
      "gt_accuracy": null,
      "chunks_used": 20
    },
    "q34": {
      "faithfulness": 0.6200873362445415,
      "gt_accuracy": null,
      "chunks_used": 20
    },
    "q35": {
      "faithfulness": 0.2682926829268293,
      "gt_accuracy": null,
      "chunks_used": 20
    },
    "q36": {
      "faithfulness": 0.581651376146789,
      "gt_accuracy": null,
      "chunks_used": 20
    },
    "q37": {
      "faithfulness": 0.38405797101449274,
      "gt_accuracy": null,
      "chunks_used": 20
    },
    "q38": {
      "faithfulness": 0.42424242424242425,
      "gt_accuracy": null,
      "chunks_used": 20
    },
    "q39": {
      "faithfulness": 0.48055987558320373,
      "gt_accuracy": null,
      "chunks_used": 20
    },
    "q40": {
      "faithfulness": 0.46433378196500674,
      "gt_accuracy": null,
      "chunks_used": 20
    }
  },
  "summary": {
    "avg_faithfulness": 0.44437823993312586,
    "avg_accuracy": 0.11188462707650773,
    "answer_count": 40
  }
}