{
  "retriever_type": "Content",
  "chunking_type": "naive",
  "evaluations": {
    "q1": {
      "faithfulness": 0.6126482213438735,
      "gt_accuracy": 0.22134387351778656,
      "chunks_used": 20
    },
    "q2": {
      "faithfulness": 0.4916864608076009,
      "gt_accuracy": 0.1021377672209026,
      "chunks_used": 20
    },
    "q3": {
      "faithfulness": 0.47285067873303166,
      "gt_accuracy": 0.15610859728506787,
      "chunks_used": 20
    },
    "q4": {
      "faithfulness": 0.47276688453159044,
      "gt_accuracy": 0.12418300653594772,
      "chunks_used": 20
    },
    "q5": {
      "faithfulness": 0.49707602339181284,
      "gt_accuracy": 0.20760233918128654,
      "chunks_used": 20
    },
    "q6": {
      "faithfulness": 0.5167037861915368,
      "gt_accuracy": 0.14699331848552338,
      "chunks_used": 20
    },
    "q7": {
      "faithfulness": 0.6040100250626567,
      "gt_accuracy": 0.15288220551378445,
      "chunks_used": 20
    },
    "q8": {
      "faithfulness": 0.5427974947807933,
      "gt_accuracy": 0.11482254697286012,
      "chunks_used": 20
    },
    "q9": {
      "faithfulness": 0.40816326530612246,
      "gt_accuracy": 0.12857142857142856,
      "chunks_used": 20
    },
    "q10": {
      "faithfulness": 0.5582706766917294,
      "gt_accuracy": 0.11090225563909774,
      "chunks_used": 20
    },
    "q11": {
      "faithfulness": 0.365,
      "gt_accuracy": 0.095,
      "chunks_used": 20
    },
    "q12": {
      "faithfulness": 0.44966442953020136,
      "gt_accuracy": 0.15436241610738255,
      "chunks_used": 20
    },
    "q13": {
      "faithfulness": 0.3605577689243028,
      "gt_accuracy": 0.1294820717131474,
      "chunks_used": 20
    },
    "q14": {
      "faithfulness": 0.23202170963364993,
      "gt_accuracy": 0.0814111261872456,
      "chunks_used": 20
    },
    "q15": {
      "faithfulness": 0.3720073664825046,
      "gt_accuracy": 0.10865561694290976,
      "chunks_used": 20
    },
    "q16": {
      "faithfulness": 0.2804123711340206,
      "gt_accuracy": 0.10103092783505155,
      "chunks_used": 20
    },
    "q17": {
      "faithfulness": 0.43982494529540483,
      "gt_accuracy": 0.16411378555798686,
      "chunks_used": 20
    },
    "q18": {
      "faithfulness": 0.28694404591104733,
      "gt_accuracy": 0.09038737446197992,
      "chunks_used": 20
    },
    "q19": {
      "faithfulness": 0.20488721804511278,
      "gt_accuracy": 0.07518796992481203,
      "chunks_used": 20
    },
    "q20": {
      "faithfulness": 0.49382716049382713,
      "gt_accuracy": 0.1382716049382716,
      "chunks_used": 20
    },
    "q21": {
      "faithfulness": 0.2687074829931973,
      "gt_accuracy": 0.11904761904761904,
      "chunks_used": 20
    },
    "q22": {
      "faithfulness": 0.24926253687315633,
      "gt_accuracy": 0.09587020648967552,
      "chunks_used": 20
    },
    "q23": {
      "faithfulness": 0.3211538461538462,
      "gt_accuracy": 0.09230769230769231,
      "chunks_used": 20
    },
    "q24": {
      "faithfulness": 0.4075829383886256,
      "gt_accuracy": 0.15639810426540285,
      "chunks_used": 20
    },
    "q25": {
      "faithfulness": 0.37766830870279144,
      "gt_accuracy": 0.15599343185550082,
      "chunks_used": 20
    },
    "q26": {
      "faithfulness": 0.5104166666666666,
      "gt_accuracy": null,
      "chunks_used": 20
    },
    "q27": {
      "faithfulness": 0.22048192771084338,
      "gt_accuracy": null,
      "chunks_used": 20
    },
    "q28": {
      "faithfulness": 0.5766738660907127,
      "gt_accuracy": null,
      "chunks_used": 20
    },
    "q29": {
      "faithfulness": 0.306368330464716,
      "gt_accuracy": null,
      "chunks_used": 20
    },
    "q30": {
      "faithfulness": 0.46153846153846156,
      "gt_accuracy": null,
      "chunks_used": 20
    },
    "q31": {
      "faithfulness": 0.33013205282112845,
      "gt_accuracy": null,
      "chunks_used": 20
    },
    "q32": {
      "faithfulness": 0.4439918533604888,
      "gt_accuracy": null,
      "chunks_used": 20
    },
    "q33": {
      "faithfulness": 0.5373134328358209,
      "gt_accuracy": null,
      "chunks_used": 20
    },
    "q34": {
      "faithfulness": 0.5,
      "gt_accuracy": null,
      "chunks_used": 20
    },
    "q35": {
      "faithfulness": 0.28944246737841045,
      "gt_accuracy": null,
      "chunks_used": 20
    },
    "q36": {
      "faithfulness": 0.48296593186372744,
      "gt_accuracy": null,
      "chunks_used": 20
    },
    "q37": {
      "faithfulness": 0.37298091042584436,
      "gt_accuracy": null,
      "chunks_used": 20
    },
    "q38": {
      "faithfulness": 0.3504,
      "gt_accuracy": null,
      "chunks_used": 20
    },
    "q39": {
      "faithfulness": 0.2868462757527734,
      "gt_accuracy": null,
      "chunks_used": 20
    },
    "q40": {
      "faithfulness": 0.3285302593659942,
      "gt_accuracy": null,
      "chunks_used": 20
    }
  },
  "summary": {
    "avg_faithfulness": 0.4071144520419506,
    "avg_accuracy": 0.12892269146233454,
    "answer_count": 40
  }
}