{
  "retriever_type": "Prefix-Fusion",
  "chunking_type": "naive",
  "evaluations": {
    "q1": {
      "faithfulness": 0.5986394557823129,
      "gt_accuracy": 0.1836734693877551,
      "chunks_used": 20
    },
    "q2": {
      "faithfulness": 0.4781704781704782,
      "gt_accuracy": 0.0997920997920998,
      "chunks_used": 20
    },
    "q3": {
      "faithfulness": 0.5191873589164786,
      "gt_accuracy": 0.16930022573363432,
      "chunks_used": 20
    },
    "q4": {
      "faithfulness": 0.4455252918287938,
      "gt_accuracy": 0.1245136186770428,
      "chunks_used": 20
    },
    "q5": {
      "faithfulness": 0.5144356955380578,
      "gt_accuracy": 0.18110236220472442,
      "chunks_used": 20
    },
    "q6": {
      "faithfulness": 0.37481031866464337,
      "gt_accuracy": 0.10015174506828528,
      "chunks_used": 20
    },
    "q7": {
      "faithfulness": 0.5553191489361702,
      "gt_accuracy": 0.1276595744680851,
      "chunks_used": 20
    },
    "q8": {
      "faithfulness": 0.4703703703703704,
      "gt_accuracy": 0.10740740740740741,
      "chunks_used": 20
    },
    "q9": {
      "faithfulness": 0.39148073022312374,
      "gt_accuracy": 0.12170385395537525,
      "chunks_used": 20
    },
    "q10": {
      "faithfulness": 0.6785714285714286,
      "gt_accuracy": 0.12142857142857143,
      "chunks_used": 20
    },
    "q11": {
      "faithfulness": 0.3333333333333333,
      "gt_accuracy": 0.1024390243902439,
      "chunks_used": 20
    },
    "q12": {
      "faithfulness": 0.5770750988142292,
      "gt_accuracy": 0.28063241106719367,
      "chunks_used": 20
    },
    "q13": {
      "faithfulness": 0.28651685393258425,
      "gt_accuracy": 0.10674157303370786,
      "chunks_used": 20
    },
    "q14": {
      "faithfulness": 0.27491408934707906,
      "gt_accuracy": 0.10996563573883161,
      "chunks_used": 20
    },
    "q15": {
      "faithfulness": 0.3008695652173913,
      "gt_accuracy": 0.10782608695652174,
      "chunks_used": 20
    },
    "q16": {
      "faithfulness": 0.25889328063241107,
      "gt_accuracy": 0.09288537549407115,
      "chunks_used": 20
    },
    "q17": {
      "faithfulness": 0.47044917257683216,
      "gt_accuracy": 0.1773049645390071,
      "chunks_used": 20
    },
    "q18": {
      "faithfulness": 0.3573943661971831,
      "gt_accuracy": 0.09154929577464789,
      "chunks_used": 20
    },
    "q19": {
      "faithfulness": 0.2755102040816326,
      "gt_accuracy": 0.09795918367346938,
      "chunks_used": 20
    },
    "q20": {
      "faithfulness": 0.4779735682819383,
      "gt_accuracy": 0.11674008810572688,
      "chunks_used": 20
    },
    "q21": {
      "faithfulness": 0.27053140096618356,
      "gt_accuracy": 0.10789049919484701,
      "chunks_used": 20
    },
    "q22": {
      "faithfulness": 0.2684766214177979,
      "gt_accuracy": 0.0889894419306184,
      "chunks_used": 20
    },
    "q23": {
      "faithfulness": 0.2957074721780604,
      "gt_accuracy": 0.07154213036565978,
      "chunks_used": 20
    },
    "q24": {
      "faithfulness": 0.3558897243107769,
      "gt_accuracy": 0.17293233082706766,
      "chunks_used": 20
    },
    "q25": {
      "faithfulness": 0.38125,
      "gt_accuracy": 0.140625,
      "chunks_used": 20
    },
    "q26": {
      "faithfulness": 0.5240174672489083,
      "gt_accuracy": null,
      "chunks_used": 20
    },
    "q27": {
      "faithfulness": 0.2383939774153074,
      "gt_accuracy": null,
      "chunks_used": 20
    },
    "q28": {
      "faithfulness": 0.4844290657439446,
      "gt_accuracy": null,
      "chunks_used": 20
    },
    "q29": {
      "faithfulness": 0.3468795355587808,
      "gt_accuracy": null,
      "chunks_used": 20
    },
    "q30": {
      "faithfulness": 0.4714828897338403,
      "gt_accuracy": null,
      "chunks_used": 20
    },
    "q31": {
      "faithfulness": 0.423841059602649,
      "gt_accuracy": null,
      "chunks_used": 20
    },
    "q32": {
      "faithfulness": 0.45633187772925765,
      "gt_accuracy": null,
      "chunks_used": 20
    },
    "q33": {
      "faithfulness": 0.5553319919517102,
      "gt_accuracy": null,
      "chunks_used": 20
    },
    "q34": {
      "faithfulness": 0.45818815331010454,
      "gt_accuracy": null,
      "chunks_used": 20
    },
    "q35": {
      "faithfulness": 0.3277545327754533,
      "gt_accuracy": null,
      "chunks_used": 20
    },
    "q36": {
      "faithfulness": 0.4126712328767123,
      "gt_accuracy": null,
      "chunks_used": 20
    },
    "q37": {
      "faithfulness": 0.42521008403361343,
      "gt_accuracy": null,
      "chunks_used": 20
    },
    "q38": {
      "faithfulness": 0.3810344827586207,
      "gt_accuracy": null,
      "chunks_used": 20
    },
    "q39": {
      "faithfulness": 0.2562674094707521,
      "gt_accuracy": null,
      "chunks_used": 20
    },
    "q40": {
      "faithfulness": 0.32375478927203066,
      "gt_accuracy": null,
      "chunks_used": 20
    }
  },
  "summary": {
    "avg_faithfulness": 0.40742208944427444,
    "avg_accuracy": 0.1281102387685838,
    "answer_count": 40
  }
}