{
  "retriever_type": "TF-IDF",
  "chunking_type": "recursive",
  "evaluations": {
    "q1": {
      "faithfulness": 0.6161290322580645,
      "gt_accuracy": 0.18387096774193548,
      "chunks_used": 20
    },
    "q2": {
      "faithfulness": 0.4446428571428571,
      "gt_accuracy": 0.09285714285714286,
      "chunks_used": 20
    },
    "q3": {
      "faithfulness": 0.5263157894736842,
      "gt_accuracy": 0.18660287081339713,
      "chunks_used": 20
    },
    "q4": {
      "faithfulness": 0.4074844074844075,
      "gt_accuracy": 0.11434511434511435,
      "chunks_used": 20
    },
    "q5": {
      "faithfulness": 0.5240963855421686,
      "gt_accuracy": 0.1927710843373494,
      "chunks_used": 20
    },
    "q6": {
      "faithfulness": 0.4767932489451477,
      "gt_accuracy": 0.1371308016877637,
      "chunks_used": 20
    },
    "q7": {
      "faithfulness": 0.526,
      "gt_accuracy": 0.116,
      "chunks_used": 20
    },
    "q8": {
      "faithfulness": 0.5638051044083526,
      "gt_accuracy": 0.10672853828306264,
      "chunks_used": 20
    },
    "q9": {
      "faithfulness": 0.4519015659955257,
      "gt_accuracy": 0.12080536912751678,
      "chunks_used": 20
    },
    "q10": {
      "faithfulness": 0.5417515274949084,
      "gt_accuracy": 0.1120162932790224,
      "chunks_used": 20
    },
    "q11": {
      "faithfulness": 0.3081232492997199,
      "gt_accuracy": 0.08823529411764706,
      "chunks_used": 20
    },
    "q12": {
      "faithfulness": 0.46153846153846156,
      "gt_accuracy": 0.1669793621013133,
      "chunks_used": 20
    },
    "q13": {
      "faithfulness": 0.34,
      "gt_accuracy": 0.11166666666666666,
      "chunks_used": 20
    },
    "q14": {
      "faithfulness": 0.3212121212121212,
      "gt_accuracy": 0.12323232323232323,
      "chunks_used": 20
    },
    "q15": {
      "faithfulness": 0.4619164619164619,
      "gt_accuracy": 0.13022113022113022,
      "chunks_used": 20
    },
    "q16": {
      "faithfulness": 0.3187855787476281,
      "gt_accuracy": 0.09108159392789374,
      "chunks_used": 20
    },
    "q17": {
      "faithfulness": 0.40551181102362205,
      "gt_accuracy": 0.14763779527559054,
      "chunks_used": 20
    },
    "q18": {
      "faithfulness": 0.36823104693140796,
      "gt_accuracy": 0.10830324909747292,
      "chunks_used": 20
    },
    "q19": {
      "faithfulness": 0.22614107883817428,
      "gt_accuracy": 0.09336099585062241,
      "chunks_used": 20
    },
    "q20": {
      "faithfulness": 0.4354166666666667,
      "gt_accuracy": 0.11041666666666666,
      "chunks_used": 20
    },
    "q21": {
      "faithfulness": 0.28135593220338984,
      "gt_accuracy": 0.11016949152542373,
      "chunks_used": 20
    },
    "q22": {
      "faithfulness": 0.2606310013717421,
      "gt_accuracy": 0.08916323731138547,
      "chunks_used": 20
    },
    "q23": {
      "faithfulness": 0.36538461538461536,
      "gt_accuracy": 0.08846153846153847,
      "chunks_used": 20
    },
    "q24": {
      "faithfulness": 0.44594594594594594,
      "gt_accuracy": 0.1554054054054054,
      "chunks_used": 20
    },
    "q25": {
      "faithfulness": 0.40671641791044777,
      "gt_accuracy": 0.14738805970149255,
      "chunks_used": 20
    },
    "q26": {
      "faithfulness": 0.4605911330049261,
      "gt_accuracy": null,
      "chunks_used": 20
    },
    "q27": {
      "faithfulness": 0.25646794150731156,
      "gt_accuracy": null,
      "chunks_used": 20
    },
    "q28": {
      "faithfulness": 0.5194274028629857,
      "gt_accuracy": null,
      "chunks_used": 20
    },
    "q29": {
      "faithfulness": 0.23086574654956085,
      "gt_accuracy": null,
      "chunks_used": 20
    },
    "q30": {
      "faithfulness": 0.40142095914742454,
      "gt_accuracy": null,
      "chunks_used": 20
    },
    "q31": {
      "faithfulness": 0.40210843373493976,
      "gt_accuracy": null,
      "chunks_used": 20
    },
    "q32": {
      "faithfulness": 0.4597457627118644,
      "gt_accuracy": null,
      "chunks_used": 20
    },
    "q33": {
      "faithfulness": 0.5958646616541353,
      "gt_accuracy": null,
      "chunks_used": 20
    },
    "q34": {
      "faithfulness": 0.41651705565529623,
      "gt_accuracy": null,
      "chunks_used": 20
    },
    "q35": {
      "faithfulness": 0.3625170998632011,
      "gt_accuracy": null,
      "chunks_used": 20
    },
    "q36": {
      "faithfulness": 0.4273927392739274,
      "gt_accuracy": null,
      "chunks_used": 20
    },
    "q37": {
      "faithfulness": 0.31965174129353235,
      "gt_accuracy": null,
      "chunks_used": 20
    },
    "q38": {
      "faithfulness": 0.44861660079051385,
      "gt_accuracy": null,
      "chunks_used": 20
    },
    "q39": {
      "faithfulness": 0.3075933075933076,
      "gt_accuracy": null,
      "chunks_used": 20
    },
    "q40": {
      "faithfulness": 0.3443609022556391,
      "gt_accuracy": null,
      "chunks_used": 20
    }
  },
  "summary": {
    "avg_faithfulness": 0.41097429489085213,
    "avg_accuracy": 0.1249940396813951,
    "answer_count": 40
  }
}