{
  "retriever_type": "Content",
  "chunking_type": "recursive",
  "evaluations": {
    "q1": {
      "faithfulness": 0.5578231292517006,
      "gt_accuracy": 0.20068027210884354,
      "chunks_used": 20
    },
    "q2": {
      "faithfulness": 0.42097488921713444,
      "gt_accuracy": 0.07828655834564253,
      "chunks_used": 20
    },
    "q3": {
      "faithfulness": 0.5012468827930174,
      "gt_accuracy": 0.18204488778054864,
      "chunks_used": 20
    },
    "q4": {
      "faithfulness": 0.40524193548387094,
      "gt_accuracy": 0.12096774193548387,
      "chunks_used": 20
    },
    "q5": {
      "faithfulness": 0.5706214689265536,
      "gt_accuracy": 0.2062146892655367,
      "chunks_used": 20
    },
    "q6": {
      "faithfulness": 0.4696969696969697,
      "gt_accuracy": 0.10303030303030303,
      "chunks_used": 20
    },
    "q7": {
      "faithfulness": 0.5163147792706334,
      "gt_accuracy": 0.11708253358925144,
      "chunks_used": 20
    },
    "q8": {
      "faithfulness": 0.5089820359281437,
      "gt_accuracy": 0.11377245508982035,
      "chunks_used": 20
    },
    "q9": {
      "faithfulness": 0.38095238095238093,
      "gt_accuracy": 0.11801242236024845,
      "chunks_used": 20
    },
    "q10": {
      "faithfulness": 0.5394456289978679,
      "gt_accuracy": 0.11727078891257996,
      "chunks_used": 20
    },
    "q11": {
      "faithfulness": 0.3385269121813031,
      "gt_accuracy": 0.07790368271954674,
      "chunks_used": 20
    },
    "q12": {
      "faithfulness": 0.44565217391304346,
      "gt_accuracy": 0.16485507246376813,
      "chunks_used": 20
    },
    "q13": {
      "faithfulness": 0.3709090909090909,
      "gt_accuracy": 0.13636363636363635,
      "chunks_used": 20
    },
    "q14": {
      "faithfulness": 0.27223230490018147,
      "gt_accuracy": 0.0998185117967332,
      "chunks_used": 20
    },
    "q15": {
      "faithfulness": 0.3288690476190476,
      "gt_accuracy": 0.07886904761904762,
      "chunks_used": 20
    },
    "q16": {
      "faithfulness": 0.26677852348993286,
      "gt_accuracy": 0.08892617449664429,
      "chunks_used": 20
    },
    "q17": {
      "faithfulness": 0.38585858585858585,
      "gt_accuracy": 0.1595959595959596,
      "chunks_used": 20
    },
    "q18": {
      "faithfulness": 0.3450087565674256,
      "gt_accuracy": 0.08756567425569177,
      "chunks_used": 20
    },
    "q19": {
      "faithfulness": 0.2358490566037736,
      "gt_accuracy": 0.07358490566037736,
      "chunks_used": 20
    },
    "q20": {
      "faithfulness": 0.38293216630196936,
      "gt_accuracy": 0.12691466083150985,
      "chunks_used": 20
    },
    "q21": {
      "faithfulness": 0.2888146911519199,
      "gt_accuracy": 0.10684474123539232,
      "chunks_used": 20
    },
    "q22": {
      "faithfulness": 0.25375375375375375,
      "gt_accuracy": 0.08558558558558559,
      "chunks_used": 20
    },
    "q23": {
      "faithfulness": 0.3352601156069364,
      "gt_accuracy": 0.08285163776493257,
      "chunks_used": 20
    },
    "q24": {
      "faithfulness": 0.4577114427860697,
      "gt_accuracy": 0.15920398009950248,
      "chunks_used": 20
    },
    "q25": {
      "faithfulness": 0.4317673378076063,
      "gt_accuracy": 0.16778523489932887,
      "chunks_used": 20
    },
    "q26": {
      "faithfulness": 0.5476190476190477,
      "gt_accuracy": null,
      "chunks_used": 20
    },
    "q27": {
      "faithfulness": 0.26136363636363635,
      "gt_accuracy": null,
      "chunks_used": 20
    },
    "q28": {
      "faithfulness": 0.545271629778672,
      "gt_accuracy": null,
      "chunks_used": 20
    },
    "q29": {
      "faithfulness": 0.3560830860534125,
      "gt_accuracy": null,
      "chunks_used": 20
    },
    "q30": {
      "faithfulness": 0.4237588652482269,
      "gt_accuracy": null,
      "chunks_used": 20
    },
    "q31": {
      "faithfulness": 0.37515842839036756,
      "gt_accuracy": null,
      "chunks_used": 20
    },
    "q32": {
      "faithfulness": 0.4256505576208178,
      "gt_accuracy": null,
      "chunks_used": 20
    },
    "q33": {
      "faithfulness": 0.552434456928839,
      "gt_accuracy": null,
      "chunks_used": 20
    },
    "q34": {
      "faithfulness": 0.45472837022132795,
      "gt_accuracy": null,
      "chunks_used": 20
    },
    "q35": {
      "faithfulness": 0.33295454545454545,
      "gt_accuracy": null,
      "chunks_used": 20
    },
    "q36": {
      "faithfulness": 0.47554806070826305,
      "gt_accuracy": null,
      "chunks_used": 20
    },
    "q37": {
      "faithfulness": 0.37444279346210996,
      "gt_accuracy": null,
      "chunks_used": 20
    },
    "q38": {
      "faithfulness": 0.3915343915343915,
      "gt_accuracy": null,
      "chunks_used": 20
    },
    "q39": {
      "faithfulness": 0.3660220994475138,
      "gt_accuracy": null,
      "chunks_used": 20
    },
    "q40": {
      "faithfulness": 0.4173076923076923,
      "gt_accuracy": null,
      "chunks_used": 20
    }
  },
  "summary": {
    "avg_faithfulness": 0.40777754302769437,
    "avg_accuracy": 0.12216124631223661,
    "answer_count": 40
  }
}