Retriever,semantic,naive,recursive
Content_,0.7012261210475501,0.6298921045475738,0.7502684542072826
Prefix-Fusion_,0.6365963401942165,0.7876318023220714,0.7638507276503034
TF-IDF_,0.6244939324245575,0.6502560164490402,0.7667875294647284
