Retriever,semantic,naive,recursive
Content_,0.7299942308979164,0.6688776842166881,0.781558332748984
Prefix-Fusion_,0.6985902499039386,0.8131560701686912,0.8002603285243228
TF-IDF_,0.6698843857011986,0.7166199392844891,0.8073977837451733
