Retriever,semantic,naive,recursive
Content_,0.7035219426215217,0.6062462665508959,0.718770801233061
Prefix-Fusion_,0.6186795968805543,0.7787591852905832,0.7560954216126209
TF-IDF_,0.5999347354128017,0.6205499281103577,0.7666556058657046
