Retriever,semantic,naive,recursive
Content_,0.6583333333333334,0.4833333333333334,0.6583333333333332
Prefix-Fusion_,0.55,0.7000000000000001,0.6416666666666666
TF-IDF_,0.55,0.5166666666666666,0.7083333333333331
