Retriever,semantic,naive,recursive
Content_,0.7325,0.64,0.7825
Prefix-Fusion_,0.745,0.7975000000000001,0.785
TF-IDF_,0.7224999999999999,0.7024999999999999,0.8250000000000002
