Retriever,semantic,naive,recursive
Content_,0.6699999999999999,0.5349999999999999,0.7
Prefix-Fusion_,0.5899999999999997,0.7150000000000001,0.6849999999999998
TF-IDF_,0.605,0.5549999999999999,0.7499999999999998
