Retriever,semantic,naive,recursive
Content_,0.12000000000000008,0.12000000000000008,0.12000000000000008
Prefix-Fusion_,0.15000000000000008,0.15000000000000008,0.15000000000000008
TF-IDF_,0.15000000000000008,0.15000000000000008,0.15000000000000008
