Retriever,semantic,naive,recursive
Content_,0.2000000000000001,0.2000000000000001,0.2000000000000001
Prefix-Fusion_,0.25,0.25,0.25
TF-IDF_,0.25,0.25,0.25
