Retriever,semantic,naive,recursive
Content_,0.4000000000000002,0.4000000000000002,0.4000000000000002
Prefix-Fusion_,0.5,0.5,0.5
TF-IDF_,0.5,0.5,0.5
