chunking,content,prefix,tfidf
naive,0.9970332312583924,0.9948492217063903,0.9948294162750244
recursive,0.9963632416725159,0.9877748990058899,0.9953693509101867
semantic,0.9948651218414306,0.9943675303459167,0.9960406112670899
