{
  "retriever_name": "Content_(naive)",
  "query_metrics": {
    "q1": {
      "mrr": 1.0,
      "precision@3": 0.3333333333333333,
      "recall@3": 0.12,
      "ndcg@3": 0.603741324055273,
      "hit_rate@3": 0.5,
      "precision@5": 0.6,
      "recall@5": 0.2,
      "ndcg@5": 0.6896898440736683,
      "hit_rate@5": 0.5,
      "precision@10": 0.6,
      "recall@10": 0.4,
      "ndcg@10": 0.7499483824081175,
      "hit_rate@10": 1.0,
      "metadata_consistency": 0.7577078109175852
    },
    "q2": {
      "mrr": 0.25,
      "precision@3": 0.0,
      "recall@3": 0.12,
      "ndcg@3": 0.7392849231751482,
      "hit_rate@3": 0.0,
      "precision@5": 0.4,
      "recall@5": 0.2,
      "ndcg@5": 0.8112620969215105,
      "hit_rate@5": 0.5,
      "precision@10": 0.4,
      "recall@10": 0.4,
      "ndcg@10": 0.6084305287448315,
      "hit_rate@10": 0.5,
      "metadata_consistency": 1.0
    },
    "q3": {
      "mrr": 0.07142857142857142,
      "precision@3": 0.3333333333333333,
      "recall@3": 0.12,
      "ndcg@3": 0.749589739394049,
      "hit_rate@3": 0.0,
      "precision@5": 0.2,
      "recall@5": 0.2,
      "ndcg@5": 0.6225014543099995,
      "hit_rate@5": 0.0,
      "precision@10": 0.5,
      "recall@10": 0.4,
      "ndcg@10": 0.6508911597067527,
      "hit_rate@10": 0.0,
      "metadata_consistency": 0.7577078109175852
    },
    "q4": {
      "mrr": 0.16666666666666666,
      "precision@3": 0.0,
      "recall@3": 0.12,
      "ndcg@3": 0.3025768677933117,
      "hit_rate@3": 0.0,
      "precision@5": 0.2,
      "recall@5": 0.2,
      "ndcg@5": 0.40819239044277916,
      "hit_rate@5": 0.5,
      "precision@10": 0.3,
      "recall@10": 0.4,
      "ndcg@10": 0.48016412533490654,
      "hit_rate@10": 1.0,
      "metadata_consistency": 0.4273821102644695
    },
    "q5": {
      "mrr": 0.25,
      "precision@3": 0.0,
      "recall@3": 0.12,
      "ndcg@3": 0.06746300329687664,
      "hit_rate@3": 0.0,
      "precision@5": 0.2,
      "recall@5": 0.2,
      "ndcg@5": 0.27055406766467827,
      "hit_rate@5": 0.5,
      "precision@10": 0.5,
      "recall@10": 0.4,
      "ndcg@10": 0.3095172615236445,
      "hit_rate@10": 0.5,
      "metadata_consistency": 0.323491222558975
    },
    "q6": {
      "mrr": 0.047619047619047616,
      "precision@3": 0.0,
      "recall@3": 0.12,
      "ndcg@3": 0.1799546465616804,
      "hit_rate@3": 0.0,
      "precision@5": 0.0,
      "recall@5": 0.2,
      "ndcg@5": 0.211180205771425,
      "hit_rate@5": 0.0,
      "precision@10": 0.3,
      "recall@10": 0.4,
      "ndcg@10": 0.30474753236897195,
      "hit_rate@10": 0.5,
      "metadata_consistency": 0.6402218173130485
    },
    "q7": {
      "mrr": 1.0,
      "precision@3": 0.3333333333333333,
      "recall@3": 0.12,
      "ndcg@3": 0.6671473773601395,
      "hit_rate@3": 0.5,
      "precision@5": 0.2,
      "recall@5": 0.2,
      "ndcg@5": 0.6309773617419463,
      "hit_rate@5": 0.5,
      "precision@10": 0.4,
      "recall@10": 0.4,
      "ndcg@10": 0.6275555807320504,
      "hit_rate@10": 0.5,
      "metadata_consistency": 0.6957788023483952
    },
    "q8": {
      "mrr": 0.07692307692307693,
      "precision@3": 0.3333333333333333,
      "recall@3": 0.12,
      "ndcg@3": 0.33072679029836727,
      "hit_rate@3": 0.5,
      "precision@5": 0.4,
      "recall@5": 0.2,
      "ndcg@5": 0.4559774767729225,
      "hit_rate@5": 0.5,
      "precision@10": 0.5,
      "recall@10": 0.4,
      "ndcg@10": 0.5095228274660935,
      "hit_rate@10": 0.5,
      "metadata_consistency": 0.5964848599995863
    },
    "q9": {
      "mrr": 0.5,
      "precision@3": 0.3333333333333333,
      "recall@3": 0.12,
      "ndcg@3": 0.47590493032808184,
      "hit_rate@3": 0.5,
      "precision@5": 0.4,
      "recall@5": 0.2,
      "ndcg@5": 0.5021028498136546,
      "hit_rate@5": 0.5,
      "precision@10": 0.5,
      "recall@10": 0.4,
      "ndcg@10": 0.5235770697437179,
      "hit_rate@10": 1.0,
      "metadata_consistency": 0.7577078109175852
    },
    "q10": {
      "mrr": 0.2,
      "precision@3": 0.3333333333333333,
      "recall@3": 0.12,
      "ndcg@3": 0.6050304252443305,
      "hit_rate@3": 0.0,
      "precision@5": 0.6,
      "recall@5": 0.2,
      "ndcg@5": 0.643327084121057,
      "hit_rate@5": 0.5,
      "precision@10": 0.4,
      "recall@10": 0.4,
      "ndcg@10": 0.62016137828682,
      "hit_rate@10": 0.5,
      "metadata_consistency": 0.5235366175633003
    },
    "q11": {
      "mrr": 1.0,
      "precision@3": 1.0,
      "recall@3": 0.12,
      "ndcg@3": 1.0,
      "hit_rate@3": 1.0,
      "precision@5": 1.0,
      "recall@5": 0.2,
      "ndcg@5": 1.0,
      "hit_rate@5": 1.0,
      "precision@10": 1.0,
      "recall@10": 0.4,
      "ndcg@10": 1.0,
      "hit_rate@10": 1.0,
      "metadata_consistency": 0.4385548385151308
    },
    "q12": {
      "mrr": 1.0,
      "precision@3": 1.0,
      "recall@3": 0.12,
      "ndcg@3": 1.0,
      "hit_rate@3": 1.0,
      "precision@5": 1.0,
      "recall@5": 0.2,
      "ndcg@5": 1.0,
      "hit_rate@5": 1.0,
      "precision@10": 1.0,
      "recall@10": 0.4,
      "ndcg@10": 1.0,
      "hit_rate@10": 1.0,
      "metadata_consistency": 0.2041199826559248
    },
    "q13": {
      "mrr": 0.25,
      "precision@3": 0.6666666666666666,
      "recall@3": 0.12,
      "ndcg@3": 0.7071351734706651,
      "hit_rate@3": 0.5,
      "precision@5": 0.6,
      "recall@5": 0.2,
      "ndcg@5": 0.8079082484952231,
      "hit_rate@5": 1.0,
      "precision@10": 0.7,
      "recall@10": 0.4,
      "ndcg@10": 0.8346327543258658,
      "hit_rate@10": 1.0,
      "metadata_consistency": 0.6957788023483952
    },
    "q14": {
      "mrr": 0.043478260869565216,
      "precision@3": 0.0,
      "recall@3": 0.12,
      "ndcg@3": 0.1833358228752086,
      "hit_rate@3": 0.0,
      "precision@5": 0.2,
      "recall@5": 0.2,
      "ndcg@5": 0.17802962880080303,
      "hit_rate@5": 0.0,
      "precision@10": 0.5,
      "recall@10": 0.4,
      "ndcg@10": 0.2557430836550128,
      "hit_rate@10": 0.0,
      "metadata_consistency": 0.3249929157831677
    },
    "q15": {
      "mrr": 0.14285714285714285,
      "precision@3": 0.3333333333333333,
      "recall@3": 0.12,
      "ndcg@3": 0.035003590348623444,
      "hit_rate@3": 0.0,
      "precision@5": 0.4,
      "recall@5": 0.2,
      "ndcg@5": 0.03459948135687713,
      "hit_rate@5": 0.0,
      "precision@10": 0.4,
      "recall@10": 0.4,
      "ndcg@10": 0.33887197371022004,
      "hit_rate@10": 0.5,
      "metadata_consistency": 0.42687362454080235
    },
    "q16": {
      "mrr": 0.16666666666666666,
      "precision@3": 0.0,
      "recall@3": 0.12,
      "ndcg@3": 0.002259199778450722,
      "hit_rate@3": 0.0,
      "precision@5": 0.0,
      "recall@5": 0.2,
      "ndcg@5": 0.0028641698680134365,
      "hit_rate@5": 0.0,
      "precision@10": 0.4,
      "recall@10": 0.4,
      "ndcg@10": 0.3488716836385918,
      "hit_rate@10": 0.5,
      "metadata_consistency": 0.5410712095305539
    },
    "q17": {
      "mrr": 1.0,
      "precision@3": 0.3333333333333333,
      "recall@3": 0.12,
      "ndcg@3": 0.6189454471609944,
      "hit_rate@3": 0.5,
      "precision@5": 0.2,
      "recall@5": 0.2,
      "ndcg@5": 0.546129832752637,
      "hit_rate@5": 0.5,
      "precision@10": 0.4,
      "recall@10": 0.4,
      "ndcg@10": 0.7057391022765241,
      "hit_rate@10": 1.0,
      "metadata_consistency": 0.5410712095305539
    },
    "q18": {
      "mrr": 1.0,
      "precision@3": 0.6666666666666666,
      "recall@3": 0.12,
      "ndcg@3": 0.9070546536945929,
      "hit_rate@3": 1.0,
      "precision@5": 0.4,
      "recall@5": 0.2,
      "ndcg@5": 0.8965153764332903,
      "hit_rate@5": 1.0,
      "precision@10": 0.5,
      "recall@10": 0.4,
      "ndcg@10": 0.8995651912080763,
      "hit_rate@10": 1.0,
      "metadata_consistency": 0.2591056035815026
    },
    "q19": {
      "mrr": 0.5,
      "precision@3": 0.3333333333333333,
      "recall@3": 0.12,
      "ndcg@3": 0.6085123236480386,
      "hit_rate@3": 0.5,