{
  "retriever_name": "Content_(semantic)",
  "query_metrics": {
    "q1": {
      "mrr": 0.5,
      "precision@3": 0.3333333333333333,
      "recall@3": 0.12,
      "ndcg@3": 0.5478747798387481,
      "hit_rate@3": 0.5,
      "precision@5": 0.4,
      "recall@5": 0.2,
      "ndcg@5": 0.5122519855116561,
      "hit_rate@5": 0.5,
      "precision@10": 0.4,
      "recall@10": 0.4,
      "ndcg@10": 0.4935067168696397,
      "hit_rate@10": 0.5,
      "metadata_consistency": 0.17715469412839557
    },
    "q2": {
      "mrr": 1.0,
      "precision@3": 1.0,
      "recall@3": 0.12,
      "ndcg@3": 1.0,
      "hit_rate@3": 1.0,
      "precision@5": 1.0,
      "recall@5": 0.2,
      "ndcg@5": 1.0,
      "hit_rate@5": 1.0,
      "precision@10": 1.0,
      "recall@10": 0.4,
      "ndcg@10": 1.0,
      "hit_rate@10": 1.0,
      "metadata_consistency": 0.16943879623586366
    },
    "q3": {
      "mrr": 1.0,
      "precision@3": 1.0,
      "recall@3": 0.12,
      "ndcg@3": 1.0,
      "hit_rate@3": 1.0,
      "precision@5": 1.0,
      "recall@5": 0.2,
      "ndcg@5": 1.0,
      "hit_rate@5": 1.0,
      "precision@10": 1.0,
      "recall@10": 0.4,
      "ndcg@10": 1.0,
      "hit_rate@10": 1.0,
      "metadata_consistency": 0.07167314481671228
    },
    "q4": {
      "mrr": 0.1,
      "precision@3": 0.0,
      "recall@3": 0.12,
      "ndcg@3": 0.26580938379978764,
      "hit_rate@3": 0.0,
      "precision@5": 0.4,
      "recall@5": 0.2,
      "ndcg@5": 0.23209975399494162,
      "hit_rate@5": 0.0,
      "precision@10": 0.6,
      "recall@10": 0.4,
      "ndcg@10": 0.5096456333419617,
      "hit_rate@10": 1.0,
      "metadata_consistency": 0.08800256822302921
    },
    "q5": {
      "mrr": 0.3333333333333333,
      "precision@3": 0.3333333333333333,
      "recall@3": 0.12,
      "ndcg@3": 0.3475259309974248,
      "hit_rate@3": 0.5,
      "precision@5": 0.2,
      "recall@5": 0.2,
      "ndcg@5": 0.3129445274418643,
      "hit_rate@5": 0.5,
      "precision@10": 0.4,
      "recall@10": 0.4,
      "ndcg@10": 0.3134248906909606,
      "hit_rate@10": 0.5,
      "metadata_consistency": 0.2316928781488753
    },
    "q6": {
      "mrr": 0.09090909090909091,
      "precision@3": 0.0,
      "recall@3": 0.12,
      "ndcg@3": 0.2565822302188902,
      "hit_rate@3": 0.0,
      "precision@5": 0.2,
      "recall@5": 0.2,
      "ndcg@5": 0.23719889555687143,
      "hit_rate@5": 0.0,
      "precision@10": 0.1,
      "recall@10": 0.4,
      "ndcg@10": 0.20710422422856023,
      "hit_rate@10": 0.0,
      "metadata_consistency": 0.5235366175633003
    },
    "q7": {
      "mrr": 0.1111111111111111,
      "precision@3": 0.0,
      "recall@3": 0.12,
      "ndcg@3": 0.22249710694811597,
      "hit_rate@3": 0.0,
      "precision@5": 0.0,
      "recall@5": 0.2,
      "ndcg@5": 0.22116984283062469,
      "hit_rate@5": 0.0,
      "precision@10": 0.6,
      "recall@10": 0.4,
      "ndcg@10": 0.4562622218450578,
      "hit_rate@10": 1.0,
      "metadata_consistency": 0.4833846606343266
    },
    "q8": {
      "mrr": 0.25,
      "precision@3": 0.0,
      "recall@3": 0.12,
      "ndcg@3": 0.4227008492533188,
      "hit_rate@3": 0.0,
      "precision@5": 0.4,
      "recall@5": 0.2,
      "ndcg@5": 0.5204271704308326,
      "hit_rate@5": 0.5,
      "precision@10": 0.4,
      "recall@10": 0.4,
      "ndcg@10": 0.4558591189346774,
      "hit_rate@10": 0.5,
      "metadata_consistency": 0.42687362454080235
    },
    "q9": {
      "mrr": 1.0,
      "precision@3": 0.3333333333333333,
      "recall@3": 0.12,
      "ndcg@3": 0.5695253687562307,
      "hit_rate@3": 0.5,
      "precision@5": 0.4,
      "recall@5": 0.2,
      "ndcg@5": 0.5842047611580621,
      "hit_rate@5": 0.5,
      "precision@10": 0.5,
      "recall@10": 0.4,
      "ndcg@10": 0.5801638866064912,
      "hit_rate@10": 0.5,
      "metadata_consistency": 0.47063913471263563
    },
    "q10": {
      "mrr": 0.0625,
      "precision@3": 0.3333333333333333,
      "recall@3": 0.12,
      "ndcg@3": 0.2523955318475862,
      "hit_rate@3": 0.0,
      "precision@5": 0.2,
      "recall@5": 0.2,
      "ndcg@5": 0.2732380469247579,
      "hit_rate@5": 0.0,
      "precision@10": 0.4,
      "recall@10": 0.4,
      "ndcg@10": 0.3450860797185874,
      "hit_rate@10": 0.0,
      "metadata_consistency": 0.29147646002990935
    },
    "q11": {
      "mrr": 1.0,
      "precision@3": 1.0,
      "recall@3": 0.12,
      "ndcg@3": 1.0,
      "hit_rate@3": 1.0,
      "precision@5": 1.0,
      "recall@5": 0.2,
      "ndcg@5": 1.0,
      "hit_rate@5": 1.0,
      "precision@10": 1.0,
      "recall@10": 0.4,
      "ndcg@10": 1.0,
      "hit_rate@10": 1.0,
      "metadata_consistency": 0.323491222558975
    },
    "q12": {
      "mrr": 1.0,
      "precision@3": 1.0,
      "recall@3": 0.12,
      "ndcg@3": 1.0,
      "hit_rate@3": 1.0,
      "precision@5": 1.0,
      "recall@5": 0.2,
      "ndcg@5": 1.0,
      "hit_rate@5": 1.0,
      "precision@10": 1.0,
      "recall@10": 0.4,
      "ndcg@10": 1.0,
      "hit_rate@10": 1.0,
      "metadata_consistency": 0.13608752219251108
    },
    "q13": {
      "mrr": 1.0,
      "precision@3": 1.0,
      "recall@3": 0.12,
      "ndcg@3": 1.0,
      "hit_rate@3": 1.0,
      "precision@5": 1.0,
      "recall@5": 0.2,
      "ndcg@5": 1.0,
      "hit_rate@5": 1.0,
      "precision@10": 1.0,
      "recall@10": 0.4,
      "ndcg@10": 1.0,
      "hit_rate@10": 1.0,
      "metadata_consistency": 0.5890012456708484
    },
    "q14": {
      "mrr": 1.0,
      "precision@3": 1.0,
      "recall@3": 0.12,
      "ndcg@3": 1.0,
      "hit_rate@3": 1.0,
      "precision@5": 1.0,
      "recall@5": 0.2,
      "ndcg@5": 1.0,
      "hit_rate@5": 1.0,
      "precision@10": 1.0,
      "recall@10": 0.4,
      "ndcg@10": 1.0,
      "hit_rate@10": 1.0,
      "metadata_consistency": 0.1729650028035663
    },
    "q15": {
      "mrr": 1.0,
      "precision@3": 0.3333333333333333,
      "recall@3": 0.12,
      "ndcg@3": 0.586984422214229,
      "hit_rate@3": 0.5,
      "precision@5": 0.2,
      "recall@5": 0.2,
      "ndcg@5": 0.5573199529185546,
      "hit_rate@5": 0.5,
      "precision@10": 0.4,
      "recall@10": 0.4,
      "ndcg@10": 0.6640866146655111,
      "hit_rate@10": 0.5,
      "metadata_consistency": 0.25853980307901503
    },
    "q16": {
      "mrr": 0.04,
      "precision@3": 0.0,
      "recall@3": 0.12,
      "ndcg@3": 0.009526281595898837,
      "hit_rate@3": 0.0,
      "precision@5": 0.0,
      "recall@5": 0.2,
      "ndcg@5": 0.009538562066474247,
      "hit_rate@5": 0.0,
      "precision@10": 0.2,
      "recall@10": 0.4,
      "ndcg@10": 0.04383780194858054,
      "hit_rate@10": 0.0,
      "metadata_consistency": 0.2626474847469956
    },
    "q17": {
      "mrr": 1.0,
      "precision@3": 1.0,
      "recall@3": 0.12,
      "ndcg@3": 1.0,
      "hit_rate@3": 1.0,
      "precision@5": 1.0,
      "recall@5": 0.2,
      "ndcg@5": 1.0,
      "hit_rate@5": 1.0,
      "precision@10": 1.0,
      "recall@10": 0.4,
      "ndcg@10": 1.0,
      "hit_rate@10": 1.0,
      "metadata_consistency": 0.22548633930341888
    },
    "q18": {
      "mrr": 1.0,
      "precision@3": 1.0,
      "recall@3": 0.12,
      "ndcg@3": 1.0,
      "hit_rate@3": 1.0,
      "precision@5": 1.0,
      "recall@5": 0.2,
      "ndcg@5": 1.0,
      "hit_rate@5": 1.0,
      "precision@10": 1.0,
      "recall@10": 0.4,
      "ndcg@10": 1.0,
      "hit_rate@10": 1.0,
      "metadata_consistency": 0.16071033924776645
    },
    "q19": {
      "mrr": 0.07142857142857142,
      "precision@3": 0.3333333333333333,
      "recall@3": 0.12,
      "ndcg@3": 0.058613580276580896,
      "hit_rate@3": 0.5,
      "precision@5": 0.2,
      "recall@5": 0.2,
      "ndcg@5": 0.06448450254764475,
      "hit_rate@5": 0.5,
      "precision@10": 0.3,
      "recall@10": 0.4,
      "ndcg@10": 0.07270765952337159,
      "hit_rate@10": 0.5,
      "metadata_consistency": 0.03982537134604258
    },
    "q20": {
      "mrr": 0.1111111111111111,
      "precision@3": 0.0,
      "recall@3": 0.12,