{
  "retriever_name": "Prefix-Fusion_(naive)",
  "query_metrics": {
    "q1": {
      "mrr": 0.3333333333333333,
      "precision@3": 0.3333333333333333,
      "recall@3": 0.15,
      "ndcg@3": 0.444150672629089,
      "hit_rate@3": 1.0,
      "precision@5": 0.4,
      "recall@5": 0.25,
      "ndcg@5": 0.4982675475959678,
      "hit_rate@5": 1.0,
      "precision@10": 0.6,
      "recall@10": 0.5,
      "ndcg@10": 0.6631182419288907,
      "hit_rate@10": 1.0,
      "metadata_consistency": 0.7136030428840439
    },
    "q2": {
      "mrr": 1.0,
      "precision@3": 1.0,
      "recall@3": 0.15,
      "ndcg@3": 1.0,
      "hit_rate@3": 1.0,
      "precision@5": 1.0,
      "recall@5": 0.25,
      "ndcg@5": 1.0,
      "hit_rate@5": 1.0,
      "precision@10": 1.0,
      "recall@10": 0.5,
      "ndcg@10": 1.0,
      "hit_rate@10": 1.0,
      "metadata_consistency": 1.0
    },
    "q3": {
      "mrr": 0.1,
      "precision@3": 0.3333333333333333,
      "recall@3": 0.15,
      "ndcg@3": 0.6520598072083684,
      "hit_rate@3": 0.0,
      "precision@5": 0.4,
      "recall@5": 0.25,
      "ndcg@5": 0.6897266434636661,
      "hit_rate@5": 0.0,
      "precision@10": 0.7,
      "recall@10": 0.5,
      "ndcg@10": 0.7065222186052427,
      "hit_rate@10": 1.0,
      "metadata_consistency": 0.7136030428840439
    },
    "q4": {
      "mrr": 0.08333333333333333,
      "precision@3": 0.3333333333333333,
      "recall@3": 0.15,
      "ndcg@3": 0.38644324786091117,
      "hit_rate@3": 0.0,
      "precision@5": 0.2,
      "recall@5": 0.25,
      "ndcg@5": 0.43186380552005965,
      "hit_rate@5": 0.0,
      "precision@10": 0.5,
      "recall@10": 0.5,
      "ndcg@10": 0.5138240751729705,
      "hit_rate@10": 0.0,
      "metadata_consistency": 0.4041199259095133
    },
    "q5": {
      "mrr": 1.0,
      "precision@3": 0.3333333333333333,
      "recall@3": 0.15,
      "ndcg@3": 0.899784885986022,
      "hit_rate@3": 1.0,
      "precision@5": 0.6,
      "recall@5": 0.25,
      "ndcg@5": 0.8594034531400258,
      "hit_rate@5": 1.0,
      "precision@10": 0.7,
      "recall@10": 0.5,
      "ndcg@10": 0.8836471301323803,
      "hit_rate@10": 1.0,
      "metadata_consistency": 0.3725991547047849
    },
    "q6": {
      "mrr": 0.08333333333333333,
      "precision@3": 0.0,
      "recall@3": 0.15,
      "ndcg@3": 0.24290452208411828,
      "hit_rate@3": 0.0,
      "precision@5": 0.2,
      "recall@5": 0.25,
      "ndcg@5": 0.29582362000844825,
      "hit_rate@5": 0.0,
      "precision@10": 0.6,
      "recall@10": 0.5,
      "ndcg@10": 0.3973134846930431,
      "hit_rate@10": 0.0,
      "metadata_consistency": 0.5168118696880717
    },
    "q7": {
      "mrr": 1.0,
      "precision@3": 0.6666666666666666,
      "recall@3": 0.15,
      "ndcg@3": 0.9367002386664587,
      "hit_rate@3": 1.0,
      "precision@5": 0.6,
      "recall@5": 0.25,
      "ndcg@5": 0.8642979480724877,
      "hit_rate@5": 1.0,
      "precision@10": 0.7,
      "recall@10": 0.5,
      "ndcg@10": 0.8280710171209201,
      "hit_rate@10": 1.0,
      "metadata_consistency": 0.6410037503534697
    },
    "q8": {
      "mrr": 0.14285714285714285,
      "precision@3": 0.0,
      "recall@3": 0.15,
      "ndcg@3": 0.6323576903331408,
      "hit_rate@3": 0.0,
      "precision@5": 0.2,
      "recall@5": 0.25,
      "ndcg@5": 0.7218576961967181,
      "hit_rate@5": 0.0,
      "precision@10": 0.6,
      "recall@10": 0.5,
      "ndcg@10": 0.7101389274007865,
      "hit_rate@10": 1.0,
      "metadata_consistency": 0.5762076600877131
    },
    "q9": {
      "mrr": 1.0,
      "precision@3": 0.3333333333333333,
      "recall@3": 0.15,
      "ndcg@3": 0.5138624594361401,
      "hit_rate@3": 1.0,
      "precision@5": 0.2,
      "recall@5": 0.25,
      "ndcg@5": 0.4031606465798062,
      "hit_rate@5": 1.0,
      "precision@10": 0.4,
      "recall@10": 0.5,
      "ndcg@10": 0.5031237944617591,
      "hit_rate@10": 1.0,
      "metadata_consistency": 0.6410037503534697
    },
    "q10": {
      "mrr": 1.0,
      "precision@3": 1.0,
      "recall@3": 0.15,
      "ndcg@3": 1.0,
      "hit_rate@3": 1.0,
      "precision@5": 1.0,
      "recall@5": 0.25,
      "ndcg@5": 1.0,
      "hit_rate@5": 1.0,
      "precision@10": 1.0,
      "recall@10": 0.5,
      "ndcg@10": 1.0,
      "hit_rate@10": 1.0,
      "metadata_consistency": 0.35051363316910866
    },
    "q11": {
      "mrr": 1.0,
      "precision@3": 1.0,
      "recall@3": 0.15,
      "ndcg@3": 1.0,
      "hit_rate@3": 1.0,
      "precision@5": 1.0,
      "recall@5": 0.25,
      "ndcg@5": 1.0,
      "hit_rate@5": 1.0,
      "precision@10": 1.0,
      "recall@10": 0.5,
      "ndcg@10": 1.0,
      "hit_rate@10": 1.0,
      "metadata_consistency": 0.3742690141061864
    },
    "q12": {
      "mrr": 1.0,
      "precision@3": 1.0,
      "recall@3": 0.15,
      "ndcg@3": 1.0,
      "hit_rate@3": 1.0,
      "precision@5": 1.0,
      "recall@5": 0.25,
      "ndcg@5": 1.0,
      "hit_rate@5": 1.0,
      "precision@10": 1.0,
      "recall@10": 0.5,
      "ndcg@10": 1.0,
      "hit_rate@10": 1.0,
      "metadata_consistency": 0.18618464294482606
    },
    "q13": {
      "mrr": 1.0,
      "precision@3": 1.0,
      "recall@3": 0.15,
      "ndcg@3": 1.0,
      "hit_rate@3": 1.0,
      "precision@5": 1.0,
      "recall@5": 0.25,
      "ndcg@5": 1.0,
      "hit_rate@5": 1.0,
      "precision@10": 1.0,
      "recall@10": 0.5,
      "ndcg@10": 1.0,
      "hit_rate@10": 1.0,
      "metadata_consistency": 0.6410037503534697
    },
    "q14": {
      "mrr": 0.05,
      "precision@3": 0.0,
      "recall@3": 0.15,
      "ndcg@3": 0.23073999052530772,
      "hit_rate@3": 0.0,
      "precision@5": 0.2,
      "recall@5": 0.25,
      "ndcg@5": 0.30531107510776423,
      "hit_rate@5": 0.0,
      "precision@10": 0.6,
      "recall@10": 0.5,
      "ndcg@10": 0.362832071211369,
      "hit_rate@10": 0.0,
      "metadata_consistency": 0.20807317419415017
    },
    "q15": {
      "mrr": 0.1,
      "precision@3": 0.3333333333333333,
      "recall@3": 0.15,
      "ndcg@3": 0.015580090915239422,
      "hit_rate@3": 0.0,
      "precision@5": 0.2,
      "recall@5": 0.25,
      "ndcg@5": 0.015961494224862684,
      "hit_rate@5": 0.0,
      "precision@10": 0.5,
      "recall@10": 0.5,
      "ndcg@10": 0.30548166584709613,
      "hit_rate@10": 1.0,
      "metadata_consistency": 0.6410037503534697
    },
    "q16": {
      "mrr": 1.0,
      "precision@3": 1.0,
      "recall@3": 0.15,
      "ndcg@3": 1.0,
      "hit_rate@3": 1.0,
      "precision@5": 1.0,
      "recall@5": 0.25,
      "ndcg@5": 1.0,
      "hit_rate@5": 1.0,
      "precision@10": 1.0,
      "recall@10": 0.5,
      "ndcg@10": 1.0,
      "hit_rate@10": 1.0,
      "metadata_consistency": 0.6410037503534697
    },
    "q17": {
      "mrr": 1.0,
      "precision@3": 0.3333333333333333,
      "recall@3": 0.15,
      "ndcg@3": 0.6442445854244958,
      "hit_rate@3": 1.0,
      "precision@5": 0.4,
      "recall@5": 0.25,
      "ndcg@5": 0.5302093652078015,
      "hit_rate@5": 1.0,
      "precision@10": 0.6,
      "recall@10": 0.5,
      "ndcg@10": 0.7421508139927366,
      "hit_rate@10": 1.0,
      "metadata_consistency": 0.4890359525563188
    },
    "q18": {
      "mrr": 1.0,
      "precision@3": 1.0,
      "recall@3": 0.15,
      "ndcg@3": 1.0,
      "hit_rate@3": 1.0,
      "precision@5": 1.0,
      "recall@5": 0.25,
      "ndcg@5": 1.0,
      "hit_rate@5": 1.0,
      "precision@10": 1.0,
      "recall@10": 0.5,
      "ndcg@10": 1.0,
      "hit_rate@10": 1.0,
      "metadata_consistency": 0.2803607492695732
    },
    "q19": {
      "mrr": 0.5,
      "precision@3": 0.3333333333333333,
      "recall@3": 0.15,
      "ndcg@3": 0.6300352751316468,
      "hit_rate@3": 1.0,
      "precision@5": 0.4,
      "recall@5": 0.25,
      "ndcg@5": 0.6304141925007944,
      "hit_rate@5": 1.0,
      "precision@10": 0.4,
      "recall@10": 0.5,
      "ndcg@10": 0.630621420348517,
      "hit_rate@10": 1.0,
      "metadata_consistency": 0.4041199259095133
    },