{
  "retriever_name": "Prefix-Fusion_(semantic)",
  "query_metrics": {
    "q1": {
      "mrr": 1.0,
      "precision@3": 1.0,
      "recall@3": 0.15,
      "ndcg@3": 1.0,
      "hit_rate@3": 1.0,
      "precision@5": 1.0,
      "recall@5": 0.25,
      "ndcg@5": 1.0,
      "hit_rate@5": 1.0,
      "precision@10": 1.0,
      "recall@10": 0.5,
      "ndcg@10": 1.0,
      "hit_rate@10": 1.0,
      "metadata_consistency": 0.2355593046419252
    },
    "q2": {
      "mrr": 1.0,
      "precision@3": 1.0,
      "recall@3": 0.15,
      "ndcg@3": 1.0,
      "hit_rate@3": 1.0,
      "precision@5": 1.0,
      "recall@5": 0.25,
      "ndcg@5": 1.0,
      "hit_rate@5": 1.0,
      "precision@10": 1.0,
      "recall@10": 0.5,
      "ndcg@10": 1.0,
      "hit_rate@10": 1.0,
      "metadata_consistency": 0.12142970082338811
    },
    "q3": {
      "mrr": 1.0,
      "precision@3": 1.0,
      "recall@3": 0.15,
      "ndcg@3": 1.0,
      "hit_rate@3": 1.0,
      "precision@5": 1.0,
      "recall@5": 0.25,
      "ndcg@5": 1.0,
      "hit_rate@5": 1.0,
      "precision@10": 1.0,
      "recall@10": 0.5,
      "ndcg@10": 1.0,
      "hit_rate@10": 1.0,
      "metadata_consistency": 0.04106878526822755
    },
    "q4": {
      "mrr": 1.0,
      "precision@3": 1.0,
      "recall@3": 0.15,
      "ndcg@3": 1.0,
      "hit_rate@3": 1.0,
      "precision@5": 1.0,
      "recall@5": 0.25,
      "ndcg@5": 1.0,
      "hit_rate@5": 1.0,
      "precision@10": 1.0,
      "recall@10": 0.5,
      "ndcg@10": 1.0,
      "hit_rate@10": 1.0,
      "metadata_consistency": 0.05861581251211734
    },
    "q5": {
      "mrr": 1.0,
      "precision@3": 1.0,
      "recall@3": 0.15,
      "ndcg@3": 1.0,
      "hit_rate@3": 1.0,
      "precision@5": 1.0,
      "recall@5": 0.25,
      "ndcg@5": 1.0,
      "hit_rate@5": 1.0,
      "precision@10": 1.0,
      "recall@10": 0.5,
      "ndcg@10": 1.0,
      "hit_rate@10": 1.0,
      "metadata_consistency": 0.2683610168752899
    },
    "q6": {
      "mrr": 0.125,
      "precision@3": 0.3333333333333333,
      "recall@3": 0.15,
      "ndcg@3": 0.316217245665537,
      "hit_rate@3": 0.0,
      "precision@5": 0.2,
      "recall@5": 0.25,
      "ndcg@5": 0.27057964706431525,
      "hit_rate@5": 0.0,
      "precision@10": 0.4,
      "recall@10": 0.5,
      "ndcg@10": 0.38020496506695955,
      "hit_rate@10": 1.0,
      "metadata_consistency": 0.40984318141265497
    },
    "q7": {
      "mrr": 0.3333333333333333,
      "precision@3": 0.3333333333333333,
      "recall@3": 0.15,
      "ndcg@3": 0.6501939022709337,
      "hit_rate@3": 1.0,
      "precision@5": 0.4,
      "recall@5": 0.25,
      "ndcg@5": 0.5579381649704636,
      "hit_rate@5": 1.0,
      "precision@10": 0.5,
      "recall@10": 0.5,
      "ndcg@10": 0.5201529714364442,
      "hit_rate@10": 1.0,
      "metadata_consistency": 0.5168118696880717
    },
    "q8": {
      "mrr": 1.0,
      "precision@3": 1.0,
      "recall@3": 0.15,
      "ndcg@3": 1.0,
      "hit_rate@3": 1.0,
      "precision@5": 1.0,
      "recall@5": 0.25,
      "ndcg@5": 1.0,
      "hit_rate@5": 1.0,
      "precision@10": 1.0,
      "recall@10": 0.5,
      "ndcg@10": 1.0,
      "hit_rate@10": 1.0,
      "metadata_consistency": 0.4436691855250422
    },
    "q9": {
      "mrr": 1.0,
      "precision@3": 0.3333333333333333,
      "recall@3": 0.15,
      "ndcg@3": 0.5520916828186131,
      "hit_rate@3": 1.0,
      "precision@5": 0.2,
      "recall@5": 0.25,
      "ndcg@5": 0.52502148878163,
      "hit_rate@5": 1.0,
      "precision@10": 0.5,
      "recall@10": 0.5,
      "ndcg@10": 0.6314845702177628,
      "hit_rate@10": 1.0,
      "metadata_consistency": 0.6410037503534697
    },
    "q10": {
      "mrr": 0.25,
      "precision@3": 0.3333333333333333,
      "recall@3": 0.15,
      "ndcg@3": 0.3176075684252787,
      "hit_rate@3": 0.0,
      "precision@5": 0.4,
      "recall@5": 0.25,
      "ndcg@5": 0.4133481946762957,
      "hit_rate@5": 1.0,
      "precision@10": 0.6,
      "recall@10": 0.5,
      "ndcg@10": 0.5390146520851404,
      "hit_rate@10": 1.0,
      "metadata_consistency": 0.23103764446506325
    },
    "q11": {
      "mrr": 0.05263157894736842,
      "precision@3": 0.0,
      "recall@3": 0.15,
      "ndcg@3": 0.025277897235298157,
      "hit_rate@3": 0.0,
      "precision@5": 0.0,
      "recall@5": 0.25,
      "ndcg@5": 0.03531322995730407,
      "hit_rate@5": 0.0,
      "precision@10": 0.5,
      "recall@10": 0.5,
      "ndcg@10": 0.2313659768299123,
      "hit_rate@10": 0.0,
      "metadata_consistency": 0.2602530984543837
    },
    "q12": {
      "mrr": 0.125,
      "precision@3": 0.0,
      "recall@3": 0.15,
      "ndcg@3": 0.257541309370097,
      "hit_rate@3": 0.0,
      "precision@5": 0.2,
      "recall@5": 0.25,
      "ndcg@5": 0.3260577525110219,
      "hit_rate@5": 0.0,
      "precision@10": 0.7,
      "recall@10": 0.5,
      "ndcg@10": 0.60416906478641,
      "hit_rate@10": 1.0,
      "metadata_consistency": 0.0971016768123859
    },
    "q13": {
      "mrr": 0.05,
      "precision@3": 0.3333333333333333,
      "recall@3": 0.15,
      "ndcg@3": 0.5940574890504963,
      "hit_rate@3": 0.0,
      "precision@5": 0.4,
      "recall@5": 0.25,
      "ndcg@5": 0.48593014961317066,
      "hit_rate@5": 0.0,
      "precision@10": 0.4,
      "recall@10": 0.5,
      "ndcg@10": 0.531269530555201,
      "hit_rate@10": 0.0,
      "metadata_consistency": 0.5762076600877131
    },
    "q14": {
      "mrr": 0.2,
      "precision@3": 0.0,
      "recall@3": 0.15,
      "ndcg@3": 0.03390118505968852,
      "hit_rate@3": 0.0,
      "precision@5": 0.2,
      "recall@5": 0.25,
      "ndcg@5": 0.37231553860824645,
      "hit_rate@5": 1.0,
      "precision@10": 0.7,
      "recall@10": 0.5,
      "ndcg@10": 0.4027548632460508,
      "hit_rate@10": 1.0,
      "metadata_consistency": 0.048240651611913266
    },
    "q15": {
      "mrr": 0.3333333333333333,
      "precision@3": 0.3333333333333333,
      "recall@3": 0.15,
      "ndcg@3": 0.37875453484627747,
      "hit_rate@3": 1.0,
      "precision@5": 0.4,
      "recall@5": 0.25,
      "ndcg@5": 0.37945081696442534,
      "hit_rate@5": 1.0,
      "precision@10": 0.6,
      "recall@10": 0.5,
      "ndcg@10": 0.5297052059526628,
      "hit_rate@10": 1.0,
      "metadata_consistency": 0.3725991547047849
    },
    "q16": {
      "mrr": 1.0,
      "precision@3": 1.0,
      "recall@3": 0.15,
      "ndcg@3": 1.0,
      "hit_rate@3": 1.0,
      "precision@5": 1.0,
      "recall@5": 0.25,
      "ndcg@5": 1.0,
      "hit_rate@5": 1.0,
      "precision@10": 1.0,
      "recall@10": 0.5,
      "ndcg@10": 1.0,
      "hit_rate@10": 1.0,
      "metadata_consistency": 0.3151413382124534
    },
    "q17": {
      "mrr": 0.2,
      "precision@3": 0.3333333333333333,
      "recall@3": 0.15,
      "ndcg@3": 0.49053154216860384,
      "hit_rate@3": 0.0,
      "precision@5": 0.6,
      "recall@5": 0.25,
      "ndcg@5": 0.5298941505295168,
      "hit_rate@5": 1.0,
      "precision@10": 0.5,
      "recall@10": 0.5,
      "ndcg@10": 0.6031500968708563,
      "hit_rate@10": 1.0,
      "metadata_consistency": 0.2728345568237748
    },
    "q18": {
      "mrr": 1.0,
      "precision@3": 1.0,
      "recall@3": 0.15,
      "ndcg@3": 1.0,
      "hit_rate@3": 1.0,
      "precision@5": 1.0,
      "recall@5": 0.25,
      "ndcg@5": 1.0,
      "hit_rate@5": 1.0,
      "precision@10": 1.0,
      "recall@10": 0.5,
      "ndcg@10": 1.0,
      "hit_rate@10": 1.0,
      "metadata_consistency": 0.1787116260163818
    },
    "q19": {
      "mrr": 1.0,
      "precision@3": 1.0,
      "recall@3": 0.15,
      "ndcg@3": 1.0,
      "hit_rate@3": 1.0,
      "precision@5": 1.0,
      "recall@5": 0.25,
      "ndcg@5": 1.0,
      "hit_rate@5": 1.0,
      "precision@10": 1.0,
      "recall@10": 0.5,
      "ndcg@10": 1.0,
      "hit_rate@10": 1.0,
      "metadata_consistency": 0.01151025654858251
    },
    "q20": {
      "mrr": 1.0,
      "precision@3": 1.0,
      "recall@3": 0.15,
      "ndcg@3": 1.0,
      "hit_rate@3": 1.0,