{
  "retriever_name": "Prefix-Fusion_(recursive)",
  "query_metrics": {
    "q1": {
      "mrr": 0.5,
      "precision@3": 0.3333333333333333,
      "recall@3": 0.15,
      "ndcg@3": 0.52086459655993,
      "hit_rate@3": 1.0,
      "precision@5": 0.6,
      "recall@5": 0.25,
      "ndcg@5": 0.6619309470829461,
      "hit_rate@5": 1.0,
      "precision@10": 0.7,
      "recall@10": 0.5,
      "ndcg@10": 0.7120416741431442,
      "hit_rate@10": 1.0,
      "metadata_consistency": 1.0
    },
    "q2": {
      "mrr": 0.2,
      "precision@3": 0.3333333333333333,
      "recall@3": 0.15,
      "ndcg@3": 0.7292217709333692,
      "hit_rate@3": 0.0,
      "precision@5": 0.4,
      "recall@5": 0.25,
      "ndcg@5": 0.8038920866271266,
      "hit_rate@5": 1.0,
      "precision@10": 0.7,
      "recall@10": 0.5,
      "ndcg@10": 0.7792202678746993,
      "hit_rate@10": 1.0,
      "metadata_consistency": 1.0
    },
    "q3": {
      "mrr": 0.2,
      "precision@3": 0.3333333333333333,
      "recall@3": 0.15,
      "ndcg@3": 0.7123758889389927,
      "hit_rate@3": 0.0,
      "precision@5": 0.4,
      "recall@5": 0.25,
      "ndcg@5": 0.7070881361271257,
      "hit_rate@5": 1.0,
      "precision@10": 0.6,
      "recall@10": 0.5,
      "ndcg@10": 0.699877196229386,
      "hit_rate@10": 1.0,
      "metadata_consistency": 1.0
    },
    "q4": {
      "mrr": 0.05263157894736842,
      "precision@3": 0.0,
      "recall@3": 0.15,
      "ndcg@3": 0.07261148608776044,
      "hit_rate@3": 0.0,
      "precision@5": 0.2,
      "recall@5": 0.25,
      "ndcg@5": 0.21916526826801883,
      "hit_rate@5": 0.0,
      "precision@10": 0.5,
      "recall@10": 0.5,
      "ndcg@10": 0.2916635634466,
      "hit_rate@10": 0.0,
      "metadata_consistency": 0.2728345568237748
    },
    "q5": {
      "mrr": 1.0,
      "precision@3": 0.3333333333333333,
      "recall@3": 0.15,
      "ndcg@3": 0.8317213890734926,
      "hit_rate@3": 1.0,
      "precision@5": 0.4,
      "recall@5": 0.25,
      "ndcg@5": 0.7646422619504182,
      "hit_rate@5": 1.0,
      "precision@10": 0.5,
      "recall@10": 0.5,
      "ndcg@10": 0.7813067320665227,
      "hit_rate@10": 1.0,
      "metadata_consistency": 0.32000568559205445
    },
    "q6": {
      "mrr": 0.1111111111111111,
      "precision@3": 0.0,
      "recall@3": 0.15,
      "ndcg@3": 0.14753672384825267,
      "hit_rate@3": 0.0,
      "precision@5": 0.2,
      "recall@5": 0.25,
      "ndcg@5": 0.32315842821770124,
      "hit_rate@5": 0.0,
      "precision@10": 0.6,
      "recall@10": 0.5,
      "ndcg@10": 0.4696113845830046,
      "hit_rate@10": 1.0,
      "metadata_consistency": 0.5168118696880717
    },
    "q7": {
      "mrr": 1.0,
      "precision@3": 0.3333333333333333,
      "recall@3": 0.15,
      "ndcg@3": 0.6937432021848641,
      "hit_rate@3": 1.0,
      "precision@5": 0.4,
      "recall@5": 0.25,
      "ndcg@5": 0.6776128786635622,
      "hit_rate@5": 1.0,
      "precision@10": 0.6,
      "recall@10": 0.5,
      "ndcg@10": 0.8110040475788287,
      "hit_rate@10": 1.0,
      "metadata_consistency": 0.5762076600877131
    },
    "q8": {
      "mrr": 0.3333333333333333,
      "precision@3": 0.3333333333333333,
      "recall@3": 0.15,
      "ndcg@3": 0.7228560952195292,
      "hit_rate@3": 1.0,
      "precision@5": 0.4,
      "recall@5": 0.25,
      "ndcg@5": 0.6459847520186186,
      "hit_rate@5": 1.0,
      "precision@10": 0.6,
      "recall@10": 0.5,
      "ndcg@10": 0.6202909797767012,
      "hit_rate@10": 1.0,
      "metadata_consistency": 0.5283265821844847
    },
    "q9": {
      "mrr": 1.0,
      "precision@3": 0.3333333333333333,
      "recall@3": 0.15,
      "ndcg@3": 0.5096531697300938,
      "hit_rate@3": 1.0,
      "precision@5": 0.2,
      "recall@5": 0.25,
      "ndcg@5": 0.39967732449106236,
      "hit_rate@5": 1.0,
      "precision@10": 0.4,
      "recall@10": 0.5,
      "ndcg@10": 0.4971935375979252,
      "hit_rate@10": 1.0,
      "metadata_consistency": 0.7136030428840439
    },
    "q10": {
      "mrr": 0.5,
      "precision@3": 0.6666666666666666,
      "recall@3": 0.15,
      "ndcg@3": 0.8259730491446983,
      "hit_rate@3": 1.0,
      "precision@5": 0.4,
      "recall@5": 0.25,
      "ndcg@5": 0.685832321062117,
      "hit_rate@5": 1.0,
      "precision@10": 0.4,
      "recall@10": 0.5,
      "ndcg@10": 0.6518160972090241,
      "hit_rate@10": 1.0,
      "metadata_consistency": 0.5168118696880717
    },
    "q11": {
      "mrr": 1.0,
      "precision@3": 1.0,
      "recall@3": 0.15,
      "ndcg@3": 1.0,
      "hit_rate@3": 1.0,
      "precision@5": 1.0,
      "recall@5": 0.25,
      "ndcg@5": 1.0,
      "hit_rate@5": 1.0,
      "precision@10": 1.0,
      "recall@10": 0.5,
      "ndcg@10": 1.0,
      "hit_rate@10": 1.0,
      "metadata_consistency": 0.23345258239689182
    },
    "q12": {
      "mrr": 1.0,
      "precision@3": 1.0,
      "recall@3": 0.15,
      "ndcg@3": 1.0,
      "hit_rate@3": 1.0,
      "precision@5": 1.0,
      "recall@5": 0.25,
      "ndcg@5": 1.0,
      "hit_rate@5": 1.0,
      "precision@10": 1.0,
      "recall@10": 0.5,
      "ndcg@10": 1.0,
      "hit_rate@10": 1.0,
      "metadata_consistency": 0.19578481103650702
    },
    "q13": {
      "mrr": 1.0,
      "precision@3": 1.0,
      "recall@3": 0.15,
      "ndcg@3": 1.0,
      "hit_rate@3": 1.0,
      "precision@5": 1.0,
      "recall@5": 0.25,
      "ndcg@5": 1.0,
      "hit_rate@5": 1.0,
      "precision@10": 1.0,
      "recall@10": 0.5,
      "ndcg@10": 1.0,
      "hit_rate@10": 1.0,
      "metadata_consistency": 0.6410037503534697
    },
    "q14": {
      "mrr": 1.0,
      "precision@3": 1.0,
      "recall@3": 0.15,
      "ndcg@3": 1.0,
      "hit_rate@3": 1.0,
      "precision@5": 1.0,
      "recall@5": 0.25,
      "ndcg@5": 1.0,
      "hit_rate@5": 1.0,
      "precision@10": 1.0,
      "recall@10": 0.5,
      "ndcg@10": 1.0,
      "hit_rate@10": 1.0,
      "metadata_consistency": 0.1470427171848797
    },
    "q15": {
      "mrr": 1.0,
      "precision@3": 1.0,
      "recall@3": 0.15,
      "ndcg@3": 1.0,
      "hit_rate@3": 1.0,
      "precision@5": 1.0,
      "recall@5": 0.25,
      "ndcg@5": 1.0,
      "hit_rate@5": 1.0,
      "precision@10": 1.0,
      "recall@10": 0.5,
      "ndcg@10": 1.0,
      "hit_rate@10": 1.0,
      "metadata_consistency": 0.35289896413803823
    },
    "q16": {
      "mrr": 1.0,
      "precision@3": 1.0,
      "recall@3": 0.15,
      "ndcg@3": 1.0,
      "hit_rate@3": 1.0,
      "precision@5": 1.0,
      "recall@5": 0.25,
      "ndcg@5": 1.0,
      "hit_rate@5": 1.0,
      "precision@10": 1.0,
      "recall@10": 0.5,
      "ndcg@10": 1.0,
      "hit_rate@10": 1.0,
      "metadata_consistency": 0.35289896413803823
    },
    "q17": {
      "mrr": 1.0,
      "precision@3": 1.0,
      "recall@3": 0.15,
      "ndcg@3": 1.0,
      "hit_rate@3": 1.0,
      "precision@5": 1.0,
      "recall@5": 0.25,
      "ndcg@5": 1.0,
      "hit_rate@5": 1.0,
      "precision@10": 1.0,
      "recall@10": 0.5,
      "ndcg@10": 1.0,
      "hit_rate@10": 1.0,
      "metadata_consistency": 0.4436691855250422
    },
    "q18": {
      "mrr": 1.0,
      "precision@3": 1.0,
      "recall@3": 0.15,
      "ndcg@3": 1.0,
      "hit_rate@3": 1.0,
      "precision@5": 1.0,
      "recall@5": 0.25,
      "ndcg@5": 1.0,
      "hit_rate@5": 1.0,
      "precision@10": 1.0,
      "recall@10": 0.5,
      "ndcg@10": 1.0,
      "hit_rate@10": 1.0,
      "metadata_consistency": 0.2886710424611464
    },
    "q19": {
      "mrr": 1.0,
      "precision@3": 1.0,
      "recall@3": 0.15,
      "ndcg@3": 1.0,
      "hit_rate@3": 1.0,
      "precision@5": 1.0,
      "recall@5": 0.25,
      "ndcg@5": 1.0,
      "hit_rate@5": 1.0,
      "precision@10": 1.0,
      "recall@10": 0.5,
      "ndcg@10": 1.0,
      "hit_rate@10": 1.0,
      "metadata_consistency": 0.3977554223658072
    },
    "q20": {
      "mrr": 1.0,
      "precision@3": 1.0,
      "recall@3": 0.15,
      "ndcg@3": 1.0,
      "hit_rate@3": 1.0,
      "precision@5": 1.0,
      "recall@5": 0.25,