{
  "retriever_name": "TF-IDF_(semantic)",
  "query_metrics": {
    "q1": {
      "mrr": 0.3333333333333333,
      "precision@3": 0.3333333333333333,
      "recall@3": 0.15,
      "ndcg@3": 0.34727840452909314,
      "hit_rate@3": 1.0,
      "precision@5": 0.4,
      "recall@5": 0.25,
      "ndcg@5": 0.4436152362128918,
      "hit_rate@5": 1.0,
      "precision@10": 0.5,
      "recall@10": 0.5,
      "ndcg@10": 0.467887374979288,
      "hit_rate@10": 1.0,
      "metadata_consistency": 0.19193030751696727
    },
    "q2": {
      "mrr": 1.0,
      "precision@3": 0.6666666666666666,
      "recall@3": 0.15,
      "ndcg@3": 0.7397722013102448,
      "hit_rate@3": 1.0,
      "precision@5": 0.8,
      "recall@5": 0.25,
      "ndcg@5": 0.8144026812733874,
      "hit_rate@5": 1.0,
      "precision@10": 0.7,
      "recall@10": 0.5,
      "ndcg@10": 0.8151183293315472,
      "hit_rate@10": 1.0,
      "metadata_consistency": 0.17287377660531777
    },
    "q3": {
      "mrr": 0.125,
      "precision@3": 0.0,
      "recall@3": 0.15,
      "ndcg@3": 0.48724001175930365,
      "hit_rate@3": 0.0,
      "precision@5": 0.4,
      "recall@5": 0.25,
      "ndcg@5": 0.4080931424565245,
      "hit_rate@5": 0.0,
      "precision@10": 0.8,
      "recall@10": 0.5,
      "ndcg@10": 0.5846660988759463,
      "hit_rate@10": 1.0,
      "metadata_consistency": 0.09566440759313566
    },
    "q4": {
      "mrr": 0.058823529411764705,
      "precision@3": 0.0,
      "recall@3": 0.15,
      "ndcg@3": 0.10520650244621664,
      "hit_rate@3": 0.0,
      "precision@5": 0.4,
      "recall@5": 0.25,
      "ndcg@5": 0.2560039976894939,
      "hit_rate@5": 0.0,
      "precision@10": 0.6,
      "recall@10": 0.5,
      "ndcg@10": 0.4080264761808792,
      "hit_rate@10": 0.0,
      "metadata_consistency": 0.07526446705464518
    },
    "q5": {
      "mrr": 0.1111111111111111,
      "precision@3": 0.3333333333333333,
      "recall@3": 0.15,
      "ndcg@3": 0.04555090749675888,
      "hit_rate@3": 0.0,
      "precision@5": 0.4,
      "recall@5": 0.25,
      "ndcg@5": 0.06214900726671386,
      "hit_rate@5": 0.0,
      "precision@10": 0.5,
      "recall@10": 0.5,
      "ndcg@10": 0.27445686772572986,
      "hit_rate@10": 1.0,
      "metadata_consistency": 0.23080888978754854
    },
    "q6": {
      "mrr": 1.0,
      "precision@3": 1.0,
      "recall@3": 0.15,
      "ndcg@3": 1.0,
      "hit_rate@3": 1.0,
      "precision@5": 1.0,
      "recall@5": 0.25,
      "ndcg@5": 1.0,
      "hit_rate@5": 1.0,
      "precision@10": 1.0,
      "recall@10": 0.5,
      "ndcg@10": 1.0,
      "hit_rate@10": 1.0,
      "metadata_consistency": 0.3977554223658072
    },
    "q7": {
      "mrr": 1.0,
      "precision@3": 1.0,
      "recall@3": 0.15,
      "ndcg@3": 1.0,
      "hit_rate@3": 1.0,
      "precision@5": 1.0,
      "recall@5": 0.25,
      "ndcg@5": 1.0,
      "hit_rate@5": 1.0,
      "precision@10": 1.0,
      "recall@10": 0.5,
      "ndcg@10": 1.0,
      "hit_rate@10": 1.0,
      "metadata_consistency": 0.46159367967902887
    },
    "q8": {
      "mrr": 1.0,
      "precision@3": 1.0,
      "recall@3": 0.15,
      "ndcg@3": 1.0,
      "hit_rate@3": 1.0,
      "precision@5": 1.0,
      "recall@5": 0.25,
      "ndcg@5": 1.0,
      "hit_rate@5": 1.0,
      "precision@10": 1.0,
      "recall@10": 0.5,
      "ndcg@10": 1.0,
      "hit_rate@10": 1.0,
      "metadata_consistency": 0.340482362830567
    },
    "q9": {
      "mrr": 1.0,
      "precision@3": 0.3333333333333333,
      "recall@3": 0.15,
      "ndcg@3": 0.5686296635805381,
      "hit_rate@3": 1.0,
      "precision@5": 0.4,
      "recall@5": 0.25,
      "ndcg@5": 0.559957806493395,
      "hit_rate@5": 1.0,
      "precision@10": 0.6,
      "recall@10": 0.5,
      "ndcg@10": 0.6383724275534038,
      "hit_rate@10": 1.0,
      "metadata_consistency": 0.2780719051126377
    },
    "q10": {
      "mrr": 1.0,
      "precision@3": 1.0,
      "recall@3": 0.15,
      "ndcg@3": 1.0,
      "hit_rate@3": 1.0,
      "precision@5": 1.0,
      "recall@5": 0.25,
      "ndcg@5": 1.0,
      "hit_rate@5": 1.0,
      "precision@10": 1.0,
      "recall@10": 0.5,
      "ndcg@10": 1.0,
      "hit_rate@10": 1.0,
      "metadata_consistency": 0.32000568559205445
    },
    "q11": {
      "mrr": 1.0,
      "precision@3": 1.0,
      "recall@3": 0.15,
      "ndcg@3": 1.0,
      "hit_rate@3": 1.0,
      "precision@5": 1.0,
      "recall@5": 0.25,
      "ndcg@5": 1.0,
      "hit_rate@5": 1.0,
      "precision@10": 1.0,
      "recall@10": 0.5,
      "ndcg@10": 1.0,
      "hit_rate@10": 1.0,
      "metadata_consistency": 0.23555930464192532
    },
    "q12": {
      "mrr": 0.07692307692307693,
      "precision@3": 0.0,
      "recall@3": 0.15,
      "ndcg@3": 0.18439191547850337,
      "hit_rate@3": 0.0,
      "precision@5": 0.2,
      "recall@5": 0.25,
      "ndcg@5": 0.26865099751028626,
      "hit_rate@5": 0.0,
      "precision@10": 0.4,
      "recall@10": 0.5,
      "ndcg@10": 0.351992980660759,
      "hit_rate@10": 0.0,
      "metadata_consistency": 0.1327968343136573
    },
    "q13": {
      "mrr": 0.06666666666666667,
      "precision@3": 0.6666666666666666,
      "recall@3": 0.15,
      "ndcg@3": 0.43221189527820825,
      "hit_rate@3": 0.0,
      "precision@5": 0.6,
      "recall@5": 0.25,
      "ndcg@5": 0.4453336790465841,
      "hit_rate@5": 0.0,
      "precision@10": 0.6,
      "recall@10": 0.5,
      "ndcg@10": 0.4465980537901615,
      "hit_rate@10": 0.0,
      "metadata_consistency": 0.6410037503534697
    },
    "q14": {
      "mrr": 0.05555555555555555,
      "precision@3": 0.0,
      "recall@3": 0.15,
      "ndcg@3": 0.13196039198935078,
      "hit_rate@3": 0.0,
      "precision@5": 0.4,
      "recall@5": 0.25,
      "ndcg@5": 0.12388176453115508,
      "hit_rate@5": 0.0,
      "precision@10": 0.3,
      "recall@10": 0.5,
      "ndcg@10": 0.1310026697340686,
      "hit_rate@10": 0.0,
      "metadata_consistency": 0.11619060520854652
    },
    "q15": {
      "mrr": 0.14285714285714285,
      "precision@3": 0.0,
      "recall@3": 0.15,
      "ndcg@3": 0.0024646907292555607,
      "hit_rate@3": 0.0,
      "precision@5": 0.0,
      "recall@5": 0.25,
      "ndcg@5": 0.00965043961222342,
      "hit_rate@5": 0.0,
      "precision@10": 0.6,
      "recall@10": 0.5,
      "ndcg@10": 0.35039362296504795,
      "hit_rate@10": 1.0,
      "metadata_consistency": 0.2602530984543837
    },
    "q16": {
      "mrr": 0.14285714285714285,
      "precision@3": 0.0,
      "recall@3": 0.15,
      "ndcg@3": 0.026155884355298312,
      "hit_rate@3": 0.0,
      "precision@5": 0.2,
      "recall@5": 0.25,
      "ndcg@5": 0.025014926326253562,
      "hit_rate@5": 0.0,
      "precision@10": 0.5,
      "recall@10": 0.5,
      "ndcg@10": 0.3022140209306253,
      "hit_rate@10": 1.0,
      "metadata_consistency": 0.22559344255483083
    },
    "q17": {
      "mrr": 0.3333333333333333,
      "precision@3": 0.3333333333333333,
      "recall@3": 0.15,
      "ndcg@3": 0.2895407478176351,
      "hit_rate@3": 1.0,
      "precision@5": 0.4,
      "recall@5": 0.25,
      "ndcg@5": 0.3208654509158914,
      "hit_rate@5": 1.0,
      "precision@10": 0.5,
      "recall@10": 0.5,
      "ndcg@10": 0.33863812263070225,
      "hit_rate@10": 1.0,
      "metadata_consistency": 0.19312997374815188
    },
    "q18": {
      "mrr": 0.14285714285714285,
      "precision@3": 0.6666666666666666,
      "recall@3": 0.15,
      "ndcg@3": 0.6172558501983976,
      "hit_rate@3": 0.0,
      "precision@5": 0.4,
      "recall@5": 0.25,
      "ndcg@5": 0.5169007748962127,
      "hit_rate@5": 0.0,
      "precision@10": 0.7,
      "recall@10": 0.5,
      "ndcg@10": 0.696697044801659,
      "hit_rate@10": 1.0,
      "metadata_consistency": 0.07526446705464518
    },
    "q19": {
      "mrr": 0.0625,
      "precision@3": 0.0,
      "recall@3": 0.15,
      "ndcg@3": 0.01654324506686913,
      "hit_rate@3": 0.0,
      "precision@5": 0.0,
      "recall@5": 0.25,
      "ndcg@5": 0.01982473562202501,
      "hit_rate@5": 0.0,