{
  "retriever_name": "TF-IDF_(naive)",
  "query_metrics": {
    "q1": {
      "mrr": 1.0,
      "precision@3": 0.3333333333333333,
      "recall@3": 0.15,
      "ndcg@3": 0.6037412360009714,
      "hit_rate@3": 1.0,
      "precision@5": 0.4,
      "recall@5": 0.25,
      "ndcg@5": 0.5480538160148731,
      "hit_rate@5": 1.0,
      "precision@10": 0.6,
      "recall@10": 0.5,
      "ndcg@10": 0.7528646956096592,
      "hit_rate@10": 1.0,
      "metadata_consistency": 0.5762076600877131
    },
    "q2": {
      "mrr": 0.25,
      "precision@3": 0.0,
      "recall@3": 0.15,
      "ndcg@3": 0.7384385054584776,
      "hit_rate@3": 0.0,
      "precision@5": 0.4,
      "recall@5": 0.25,
      "ndcg@5": 0.7708913861937156,
      "hit_rate@5": 1.0,
      "precision@10": 0.6,
      "recall@10": 0.5,
      "ndcg@10": 0.6588767395675921,
      "hit_rate@10": 1.0,
      "metadata_consistency": 1.0
    },
    "q3": {
      "mrr": 0.16666666666666666,
      "precision@3": 0.3333333333333333,
      "recall@3": 0.15,
      "ndcg@3": 0.5246130175761317,
      "hit_rate@3": 0.0,
      "precision@5": 0.4,
      "recall@5": 0.25,
      "ndcg@5": 0.4753987646282925,
      "hit_rate@5": 0.0,
      "precision@10": 0.5,
      "recall@10": 0.5,
      "ndcg@10": 0.5804015093145869,
      "hit_rate@10": 1.0,
      "metadata_consistency": 0.6410037503534697
    },
    "q4": {
      "mrr": 0.1111111111111111,
      "precision@3": 0.3333333333333333,
      "recall@3": 0.15,
      "ndcg@3": 0.4952714903630272,
      "hit_rate@3": 0.0,
      "precision@5": 0.2,
      "recall@5": 0.25,
      "ndcg@5": 0.43578927961633834,
      "hit_rate@5": 0.0,
      "precision@10": 0.6,
      "recall@10": 0.5,
      "ndcg@10": 0.5773254451098192,
      "hit_rate@10": 1.0,
      "metadata_consistency": 0.3725991547047849
    },
    "q5": {
      "mrr": 0.25,
      "precision@3": 0.3333333333333333,
      "recall@3": 0.15,
      "ndcg@3": 0.169808342077245,
      "hit_rate@3": 0.0,
      "precision@5": 0.6,
      "recall@5": 0.25,
      "ndcg@5": 0.4182953966113492,
      "hit_rate@5": 1.0,
      "precision@10": 0.5,
      "recall@10": 0.5,
      "ndcg@10": 0.4397360815900299,
      "hit_rate@10": 1.0,
      "metadata_consistency": 0.20151271858722608
    },
    "q6": {
      "mrr": 0.08333333333333333,
      "precision@3": 0.0,
      "recall@3": 0.15,
      "ndcg@3": 0.18858894762996814,
      "hit_rate@3": 0.0,
      "precision@5": 0.0,
      "recall@5": 0.25,
      "ndcg@5": 0.22087549581670804,
      "hit_rate@5": 0.0,
      "precision@10": 0.3,
      "recall@10": 0.5,
      "ndcg@10": 0.2720000681307355,
      "hit_rate@10": 0.0,
      "metadata_consistency": 0.5762076600877131
    },
    "q7": {
      "mrr": 1.0,
      "precision@3": 0.3333333333333333,
      "recall@3": 0.15,
      "ndcg@3": 0.5532449293382447,
      "hit_rate@3": 1.0,
      "precision@5": 0.2,
      "recall@5": 0.25,
      "ndcg@5": 0.5282363810827891,
      "hit_rate@5": 1.0,
      "precision@10": 0.4,
      "recall@10": 0.5,
      "ndcg@10": 0.5564550143762445,
      "hit_rate@10": 1.0,
      "metadata_consistency": 0.6410037503534697
    },
    "q8": {
      "mrr": 1.0,
      "precision@3": 1.0,
      "recall@3": 0.15,
      "ndcg@3": 1.0,
      "hit_rate@3": 1.0,
      "precision@5": 1.0,
      "recall@5": 0.25,
      "ndcg@5": 1.0,
      "hit_rate@5": 1.0,
      "precision@10": 1.0,
      "recall@10": 0.5,
      "ndcg@10": 1.0,
      "hit_rate@10": 1.0,
      "metadata_consistency": 0.7136030428840439
    },
    "q9": {
      "mrr": 1.0,
      "precision@3": 1.0,
      "recall@3": 0.15,
      "ndcg@3": 1.0,
      "hit_rate@3": 1.0,
      "precision@5": 1.0,
      "recall@5": 0.25,
      "ndcg@5": 1.0,
      "hit_rate@5": 1.0,
      "precision@10": 1.0,
      "recall@10": 0.5,
      "ndcg@10": 1.0,
      "hit_rate@10": 1.0,
      "metadata_consistency": 0.7136030428840439
    },
    "q10": {
      "mrr": 1.0,
      "precision@3": 1.0,
      "recall@3": 0.15,
      "ndcg@3": 1.0,
      "hit_rate@3": 1.0,
      "precision@5": 1.0,
      "recall@5": 0.25,
      "ndcg@5": 1.0,
      "hit_rate@5": 1.0,
      "precision@10": 1.0,
      "recall@10": 0.5,
      "ndcg@10": 1.0,
      "hit_rate@10": 1.0,
      "metadata_consistency": 0.3977554223658072
    },
    "q11": {
      "mrr": 1.0,
      "precision@3": 1.0,
      "recall@3": 0.15,
      "ndcg@3": 1.0,
      "hit_rate@3": 1.0,
      "precision@5": 1.0,
      "recall@5": 0.25,
      "ndcg@5": 1.0,
      "hit_rate@5": 1.0,
      "precision@10": 1.0,
      "recall@10": 0.5,
      "ndcg@10": 1.0,
      "hit_rate@10": 1.0,
      "metadata_consistency": 0.46159367967902887
    },
    "q12": {
      "mrr": 0.0625,
      "precision@3": 0.0,
      "recall@3": 0.15,
      "ndcg@3": 0.2255730455986615,
      "hit_rate@3": 0.0,
      "precision@5": 0.2,
      "recall@5": 0.25,
      "ndcg@5": 0.33758291999708434,
      "hit_rate@5": 0.0,
      "precision@10": 0.7,
      "recall@10": 0.5,
      "ndcg@10": 0.45330319745001135,
      "hit_rate@10": 0.0,
      "metadata_consistency": 0.21785355177632826
    },
    "q13": {
      "mrr": 0.25,
      "precision@3": 0.6666666666666666,
      "recall@3": 0.15,
      "ndcg@3": 0.6483915047771365,
      "hit_rate@3": 0.0,
      "precision@5": 0.6,
      "recall@5": 0.25,
      "ndcg@5": 0.7683863670420945,
      "hit_rate@5": 1.0,
      "precision@10": 0.6,
      "recall@10": 0.5,
      "ndcg@10": 0.865733280463433,
      "hit_rate@10": 1.0,
      "metadata_consistency": 0.7136030428840439
    },
    "q14": {
      "mrr": 1.0,
      "precision@3": 1.0,
      "recall@3": 0.15,
      "ndcg@3": 1.0,
      "hit_rate@3": 1.0,
      "precision@5": 1.0,
      "recall@5": 0.25,
      "ndcg@5": 1.0,
      "hit_rate@5": 1.0,
      "precision@10": 1.0,
      "recall@10": 0.5,
      "ndcg@10": 1.0,
      "hit_rate@10": 1.0,
      "metadata_consistency": 0.35289896413803823
    },
    "q15": {
      "mrr": 1.0,
      "precision@3": 1.0,
      "recall@3": 0.15,
      "ndcg@3": 1.0,
      "hit_rate@3": 1.0,
      "precision@5": 1.0,
      "recall@5": 0.25,
      "ndcg@5": 1.0,
      "hit_rate@5": 1.0,
      "precision@10": 1.0,
      "recall@10": 0.5,
      "ndcg@10": 1.0,
      "hit_rate@10": 1.0,
      "metadata_consistency": 0.6410037503534697
    },
    "q16": {
      "mrr": 1.0,
      "precision@3": 1.0,
      "recall@3": 0.15,
      "ndcg@3": 1.0,
      "hit_rate@3": 1.0,
      "precision@5": 1.0,
      "recall@5": 0.25,
      "ndcg@5": 1.0,
      "hit_rate@5": 1.0,
      "precision@10": 1.0,
      "recall@10": 0.5,
      "ndcg@10": 1.0,
      "hit_rate@10": 1.0,
      "metadata_consistency": 0.46159367967902887
    },
    "q17": {
      "mrr": 1.0,
      "precision@3": 0.3333333333333333,
      "recall@3": 0.15,
      "ndcg@3": 0.730362959112014,
      "hit_rate@3": 1.0,
      "precision@5": 0.2,
      "recall@5": 0.25,
      "ndcg@5": 0.7178622074750505,
      "hit_rate@5": 1.0,
      "precision@10": 0.5,
      "recall@10": 0.5,
      "ndcg@10": 0.7145118270468862,
      "hit_rate@10": 1.0,
      "metadata_consistency": 0.46159367967902887
    },
    "q18": {
      "mrr": 1.0,
      "precision@3": 0.6666666666666666,
      "recall@3": 0.15,
      "ndcg@3": 0.9070531157757095,
      "hit_rate@3": 1.0,
      "precision@5": 0.4,
      "recall@5": 0.25,
      "ndcg@5": 0.8931247754936912,
      "hit_rate@5": 1.0,
      "precision@10": 0.5,
      "recall@10": 0.5,
      "ndcg@10": 0.8899027636757363,
      "hit_rate@10": 1.0,
      "metadata_consistency": 0.22834005982783956
    },
    "q19": {
      "mrr": 0.5,
      "precision@3": 0.3333333333333333,
      "recall@3": 0.15,
      "ndcg@3": 0.5128634897543071,
      "hit_rate@3": 1.0,
      "precision@5": 0.2,
      "recall@5": 0.25,
      "ndcg@5": 0.5126714135477823,
      "hit_rate@5": 1.0,
      "precision@10": 0.5,
      "recall@10": 0.5,
      "ndcg@10": 0.5910517751559369,
      "hit_rate@10": 1.0,
      "metadata_consistency": 0.5310044064107189
    },